Omega RDXL6SD Serial No. 002543 - Logged Data,,,,,,,,,,,
Date:,30-06-17,,,,,,,,,,
Time:,Sample No.,Channel 1,Channel 2,Channel 3,Channel 4,Channel 5,Channel 6,Cold Junction 1,Cold Junction 2,Cold Junction 3,Cold Junction 4
9:17:52,0,79.9,79.5,79.7,79.2,1562,1562,82.4,83.5,84.3,86
9:17:53,1,79.9,79.6,79.7,79.2,1562,1562,82.4,83.5,84.3,85.9
9:17:54,2,79.9,79.6,79.7,79.2,1562,1562,82.4,83.4,84.3,86.1
9:17:55,3,80,79.6,79.7,79.2,1562,1562,82.4,83.5,84.3,86
9:17:56,4,80,79.6,79.7,79.2,1562,1562,82.4,83.5,84.3,86
9:17:57,5,80,79.6,79.7,79.2,1562,1562,82.3,83.5,84.3,86.1
9:17:58,6,80,79.6,79.8,79.2,1562,1562,82.5,83.5,84.3,86.1
9:17:59,7,80,79.7,79.7,79.3,1562,1562,82.4,83.6,84.4,86
9:18:00,8,80,79.7,79.7,79.2,1562,1562,82.5,83.5,84.3,86
9:18:01,9,80,79.6,79.8,79.2,1562,1562,82.4,83.5,84.3,86
9:18:02,10,80,79.6,79.7,79.2,1562,1562,82.4,83.5,84.3,86
9:18:03,11,80,79.8,79.8,79.2,1562,1562,82.4,83.6,84.3,86
9:18:04,12,80,79.7,79.8,79.1,1562,1562,82.4,83.5,84.3,86
9:18:05,13,80,79.6,79.7,79.1,1562,1562,82.4,83.5,84.3,86
9:18:06,14,80,79.7,79.7,79.2,1562,1562,82.4,83.5,84.3,86
9:18:07,15,80,79.7,79.7,79.1,1562,1562,82.4,83.5,84.3,86
9:18:08,16,80,79.6,79.8,79.2,1562,1562,82.4,83.4,84.3,86.1
9:18:09,17,80,79.8,79.8,79.1,1562,1562,82.4,83.6,84.4,86.1
9:18:10,18,79.9,79.6,79.8,79.1,1562,1562,82.4,83.5,84.3,86.1
9:18:11,19,79.9,79.6,79.8,79.2,1562,1562,82.5,83.5,84.3,86.1
9:18:12,20,80.1,79.6,79.8,79.2,1562,1562,82.5,83.5,84.3,86.1
9:18:13,21,80.1,79.6,79.7,79.2,1562,1562,82.4,83.5,84.3,86
9:18:14,22,80,79.6,79.8,79.2,1562,1562,82.4,83.5,84.3,86.1
9:18:15,23,79.9,79.6,79.8,79.2,1562,1562,82.4,83.6,84.3,86
9:18:16,24,79.8,79.6,79.8,79.2,1562,1562,82.5,83.5,84.3,86.1
9:18:17,25,79.9,79.6,79.9,79.3,1562,1562,82.4,83.6,84.4,86.1
9:18:18,26,80,79.6,79.9,79.2,1562,1562,82.5,83.5,84.3,86.1
9:18:19,27,79.9,79.6,79.9,79.3,1562,1562,82.5,83.5,84.3,86.1
9:18:20,28,79.8,79.5,79.9,79.2,1562,1562,82.4,83.6,84.3,86
9:18:21,29,80,79.6,79.9,79.3,1562,1562,82.4,83.5,84.3,86.1
9:18:22,30,80,79.5,79.8,79.2,1562,1562,82.5,83.5,84.3,86.1
9:18:23,31,79.9,79.4,79.9,79.2,1562,1562,82.4,83.6,84.3,86
9:18:24,32,80,79.4,79.9,79.2,1562,1562,82.4,83.5,84.3,86.1
9:18:25,33,79.9,79.4,79.9,79.2,1562,1562,82.4,83.6,84.3,86
9:18:26,34,79.9,79.4,79.9,79.2,1562,1562,82.5,83.5,84.3,86
9:18:27,35,79.9,79.4,79.9,79.2,1562,1562,82.4,83.5,84.3,86
9:18:28,36,79.9,79.4,79.9,79.1,1562,1562,82.4,83.5,84.3,86
9:18:29,37,79.9,79.4,79.9,79.1,1562,1562,82.4,83.5,84.3,86
9:18:30,38,79.9,79.4,79.9,79.2,1562,1562,82.4,83.5,84.3,86
9:18:31,39,79.9,79.4,79.9,79.3,1562,1562,82.5,83.5,84.3,86.1
9:18:32,40,80,79.5,79.9,79.2,1562,1562,82.5,83.5,84.3,86.1
9:18:33,41,79.9,79.5,79.9,79.1,1562,1562,82.4,83.6,84.3,86.1
9:18:34,42,80,79.4,79.9,79.2,1562,1562,82.5,83.5,84.3,86
9:18:35,43,80,79.5,80,79.2,1562,1562,82.4,83.6,84.4,86.1
9:18:36,44,79.9,79.5,79.9,79.1,1562,1562,82.4,83.6,84.3,86
9:18:37,45,80.1,79.5,79.9,79.1,1562,1562,82.4,83.5,84.3,86
9:18:38,46,80.1,79.5,79.9,79,1562,1562,82.5,83.5,84.3,86.1
9:18:39,47,79.9,79.5,80,79,1562,1562,82.4,83.6,84.4,86.1
9:18:40,48,79.9,79.4,79.8,79.1,1562,1562,82.4,83.5,84.3,86
9:18:41,49,80.1,79.4,80,79,1562,1562,82.4,83.6,84.4,86.1
9:18:42,50,80.1,79.5,79.9,79,1562,1562,82.5,83.5,84.3,86.1
9:18:43,51,80.1,79.4,79.9,79.1,1562,1562,82.5,83.5,84.3,86.1
9:18:44,52,80,79.4,79.9,79,1562,1562,82.4,83.6,84.4,86.1
9:18:45,53,80,79.5,80,79.1,1562,1562,82.4,83.6,84.4,86.1
9:18:46,54,80.1,79.5,79.9,79,1562,1562,82.5,83.6,84.3,86
9:18:47,55,80.1,79.5,79.9,79.1,1562,1562,82.4,83.6,84.4,86.1
9:18:48,56,80,79.4,79.9,79,1562,1562,82.4,83.6,84.4,86.1
9:18:49,57,80,79.4,79.9,79.1,1562,1562,82.5,83.5,84.3,86.1
9:18:50,58,79.8,79.4,79.9,79,1562,1562,82.4,83.5,84.3,86.1
9:18:51,59,79.8,79.5,80,79,1562,1562,82.4,83.6,84.4,86.1
9:18:52,60,79.8,79.5,79.9,79.1,1562,1562,82.4,83.5,84.3,86.1
9:18:53,61,80,79.5,80,79.1,1562,1562,82.4,83.6,84.4,86.1
9:18:54,62,80,79.6,80,79,1562,1562,82.4,83.5,84.3,86
9:18:55,63,80,79.7,80,79.1,1562,1562,82.4,83.6,84.4,86.1
9:18:56,64,79.8,79.7,80,79,1562,1562,82.5,83.6,84.4,86.1
9:18:57,65,79.9,79.5,79.9,79.1,1562,1562,82.5,83.5,84.3,86.1
9:18:58,66,79.9,79.7,80,79.2,1562,1562,82.5,83.6,84.4,86.1
9:18:59,67,80,79.7,79.8,79.1,1562,1562,82.5,83.6,84.4,86.1
9:19:00,68,79.8,79.7,79.9,79.1,1562,1562,82.4,83.5,84.3,86.1
9:19:01,69,79.9,79.8,79.9,79.1,1562,1562,82.4,83.6,84.4,86.1
9:19:02,70,79.7,79.8,79.9,79.1,1562,1562,82.4,83.5,84.3,86.1
9:19:03,71,79.7,79.8,79.8,79.1,1562,1562,82.4,83.6,84.4,86.1
9:19:04,72,79.7,79.7,79.7,79.1,1562,1562,82.4,83.5,84.3,86.1
9:19:05,73,79.7,79.8,79.8,79.1,1562,1562,82.5,83.6,84.4,86.1
9:19:06,74,79.7,79.7,79.7,79.1,1562,1562,82.4,83.5,84.3,86.1
9:19:07,75,79.7,79.8,79.8,79.1,1562,1562,82.4,83.6,84.4,86.1
9:19:08,76,79.8,79.8,79.7,79.1,1562,1562,82.4,83.6,84.4,86.1
9:19:09,77,79.7,79.8,79.8,79.2,1562,1562,82.4,83.5,84.3,86.1
9:19:10,78,79.7,79.7,79.8,79.1,1562,1562,82.4,83.6,84.3,86
9:19:11,79,79.7,79.8,79.8,79.2,1562,1562,82.4,83.6,84.4,86.1
9:19:12,80,79.7,79.8,79.8,79.2,1562,1562,82.4,83.6,84.4,86.1
9:19:13,81,79.8,79.8,79.7,79.1,1562,1562,82.5,83.6,84.4,86.1
9:19:14,82,79.7,79.7,79.7,79.2,1562,1562,82.4,83.6,84.4,86.1
9:19:15,83,79.8,79.7,79.8,79.2,1562,1562,82.4,83.5,84.3,86.1
9:19:16,84,79.9,79.6,79.8,79.2,1562,1562,82.5,83.6,84.4,86.1
9:19:17,85,80,79.7,79.8,79.2,1562,1562,82.5,83.6,84.4,86.1
9:19:18,86,79.9,79.7,79.8,79.2,1562,1562,82.5,83.6,84.4,86.2
9:19:19,87,80,79.6,79.7,79.2,1562,1562,82.5,83.6,84.4,86.1
9:19:20,88,80,79.7,79.7,79.2,1562,1562,82.5,83.6,84.4,86.1
9:19:21,89,80.1,79.7,79.7,79.2,1562,1562,82.4,83.6,84.4,86.2
9:19:22,90,80,79.7,79.6,79.2,1562,1562,82.5,83.5,84.3,86.1
9:19:23,91,80.2,79.7,79.6,79.2,1562,1562,82.5,83.6,84.4,86.2
9:19:24,92,80.1,79.7,79.6,79.2,1562,1562,82.5,83.6,84.4,86.1
9:19:25,93,80.2,79.7,79.6,79.2,1562,1562,82.5,83.6,84.4,86.1
9:19:26,94,80.1,79.7,79.6,79.2,1562,1562,82.4,83.6,84.4,86.1
9:19:27,95,80.1,79.6,79.6,79.2,1562,1562,82.5,83.6,84.4,86.1
9:19:28,96,80.2,79.7,79.6,79.2,1562,1562,82.5,83.5,84.3,86.1
9:19:29,97,80.3,79.7,79.6,79.2,1562,1562,82.5,83.8,84.4,86.1
9:19:30,98,80.3,79.6,79.6,79.1,1562,1562,82.5,83.6,84.4,86.2
9:19:31,99,80.3,79.6,79.5,79.2,1562,1562,82.5,83.6,84.4,86.2
9:19:32,100,80.1,79.6,79.5,79.2,1562,1562,82.5,83.6,84.4,86.1
9:19:33,101,80.1,79.6,79.6,79.2,1562,1562,82.5,83.6,84.4,86.2
9:19:34,102,80.2,79.6,79.6,79.2,1562,1562,82.5,83.6,84.4,86.1
9:19:35,103,80.3,79.6,79.6,79.2,1562,1562,82.5,83.6,84.4,86.1
9:19:36,104,80.2,79.6,79.7,79.2,1562,1562,82.4,83.8,84.4,86.1
9:19:37,105,80.2,79.6,79.7,79.2,1562,1562,82.5,83.6,84.4,86.1
9:19:38,106,80.3,79.5,79.6,79.2,1562,1562,82.5,83.6,84.4,86.2
9:19:39,107,80.2,79.4,79.7,79.2,1562,1562,82.5,83.6,84.4,86.1
9:19:40,108,80.3,79.5,79.7,79.2,1562,1562,82.5,83.6,84.4,86.1
9:19:41,109,80.3,79.5,79.6,79.3,1562,1562,82.5,83.5,84.3,86.1
9:19:42,110,80.3,79.5,79.7,79.2,1562,1562,82.5,83.8,84.4,86.1
9:19:43,111,80.4,79.5,79.6,79.2,1562,1562,82.5,83.6,84.4,86.1
9:19:44,112,80.5,79.5,79.7,79.2,1562,1562,82.5,83.8,84.4,86.1
9:19:45,113,80.5,79.5,79.7,79.4,1562,1562,82.5,83.6,84.4,86.2
9:19:46,114,80.4,79.4,79.7,79.3,1562,1562,82.4,83.5,84.3,86.2
9:19:47,115,80.6,79.5,79.8,79.3,1562,1562,82.6,83.6,84.4,86.2
9:19:48,116,80.4,79.5,79.8,79.3,1562,1562,82.5,83.6,84.4,86.1
9:19:49,117,80.6,79.5,79.8,79.4,1562,1562,82.5,83.6,84.4,86.2
9:19:50,118,80.6,79.4,79.8,79.3,1562,1562,82.5,83.6,84.4,86.2
9:19:51,119,80.6,79.6,79.8,79.3,1562,1562,82.5,83.8,84.4,86.2
9:19:52,120,80.6,79.4,79.8,79.4,1562,1562,82.5,83.6,84.4,86.2
9:19:53,121,80.5,79.3,79.8,79.4,1562,1562,82.4,83.6,84.4,86.2
9:19:54,122,80.6,79.5,79.9,79.3,1562,1562,82.5,83.6,84.4,86.2
9:19:55,123,80.6,79.5,79.8,79.4,1562,1562,82.5,83.6,84.4,86.2
9:19:56,124,80.6,79.6,79.8,79.4,1562,1562,82.5,83.6,84.4,86.2
9:19:57,125,80.4,79.5,79.9,79.4,1562,1562,82.4,83.6,84.4,86.2
9:19:58,126,80.5,79.5,79.8,79.4,1562,1562,82.4,83.6,84.4,86.1
9:19:59,127,80.5,79.5,79.9,79.4,1562,1562,82.5,83.8,84.4,86.2
9:20:00,128,80.5,79.5,79.8,79.4,1562,1562,82.5,83.6,84.4,86.2
9:20:01,129,80.4,79.5,79.8,79.5,1562,1562,82.5,83.6,84.4,86.2
9:20:02,130,80.3,79.6,79.8,79.4,1562,1562,82.4,83.6,84.5,86.3
9:20:03,131,80.4,79.6,79.8,79.4,1562,1562,82.5,83.6,84.4,86.2
9:20:04,132,80.3,79.5,79.8,79.4,1562,1562,82.4,83.6,84.4,86.2
9:20:05,133,80.4,79.7,79.9,79.4,1562,1562,82.5,83.8,84.5,86.2
9:20:06,134,80.3,79.6,79.8,79.5,1562,1562,82.5,83.6,84.4,86.3
9:20:07,135,80.4,79.6,79.9,79.5,1562,1562,82.5,83.6,84.4,86.2
9:20:08,136,80.3,79.6,79.9,79.4,1562,1562,82.5,83.8,84.5,86.2
9:20:09,137,80.4,79.6,79.8,79.4,1562,1562,82.5,83.8,84.5,86.2
9:20:10,138,80.4,79.7,79.8,79.4,1562,1562,82.5,83.6,84.4,86.2
9:20:11,139,80.4,79.7,79.9,79.5,1562,1562,82.5,83.6,84.4,86.2
9:20:12,140,80.4,79.7,79.9,79.4,1562,1562,82.5,83.8,84.5,86.2
9:20:13,141,80.4,79.6,79.8,79.4,1562,1562,82.5,83.6,84.4,86.2
9:20:14,142,80.3,79.7,79.9,79.4,1562,1562,82.5,83.8,84.5,86.2
9:20:15,143,80.5,79.6,79.9,79.4,1562,1562,82.5,83.8,84.5,86.3
9:20:16,144,80.4,79.7,79.9,79.4,1562,1562,82.4,83.8,84.5,86.2
9:20:17,145,80.4,79.8,79.9,79.4,1562,1562,82.4,83.8,84.5,86.2
9:20:18,146,80.4,79.8,79.9,79.4,1562,1562,82.5,83.6,84.4,86.2
9:20:19,147,80.5,79.6,79.8,79.5,1562,1562,82.5,83.6,84.4,86.2
9:20:20,148,80.5,79.8,79.8,79.4,1562,1562,82.5,83.6,84.4,86.2
9:20:21,149,80.6,79.6,79.8,79.4,1562,1562,82.5,83.6,84.4,86.2
9:20:22,150,80.4,79.6,79.8,79.5,1562,1562,82.6,83.6,84.5,86.3
9:20:23,151,80.6,79.7,79.9,79.4,1562,1562,82.6,83.6,84.4,86.2
9:20:24,152,80.4,79.7,79.8,79.4,1562,1562,82.5,83.6,84.4,86.2
9:20:25,153,80.4,79.6,79.9,79.4,1562,1562,82.5,83.8,84.5,86.2
9:20:26,154,80.4,79.8,79.9,79.4,1562,1562,82.4,83.6,84.4,86.2
9:20:27,155,80.4,79.8,80,79.4,1562,1562,82.5,83.8,84.5,86.3
9:20:28,156,80.4,79.7,79.9,79.4,1562,1562,82.5,83.8,84.5,86.2
9:20:29,157,80.3,79.6,79.8,79.4,1562,1562,82.4,83.6,84.4,86.2
9:20:30,158,80.4,79.8,79.9,79.4,1562,1562,82.5,83.8,84.5,86.2
9:20:31,159,80.4,79.8,79.8,79.4,1562,1562,82.5,83.6,84.4,86.2
9:20:32,160,80.4,79.8,79.9,79.4,1562,1562,82.5,83.8,84.5,86.3
9:20:33,161,80.4,79.8,79.9,79.4,1562,1562,82.5,83.8,84.5,86.3
9:20:34,162,80.3,79.8,79.9,79.4,1562,1562,82.5,83.8,84.5,86.2
9:20:35,163,80.3,79.8,79.9,79.4,1562,1562,82.4,83.8,84.5,86.2
9:20:36,164,80.4,79.8,79.9,79.4,1562,1562,82.5,83.8,84.5,86.2
9:20:37,165,80.4,79.8,80,79.4,1562,1562,82.5,83.8,84.5,86.2
9:20:38,166,80.4,79.7,79.9,79.4,1562,1562,82.6,83.6,84.5,86.3
9:20:39,167,80.4,79.8,79.9,79.4,1562,1562,82.5,83.8,84.5,86.2
9:20:40,168,80.5,79.8,79.9,79.4,1562,1562,82.5,83.6,84.4,86.2
9:20:41,169,80.6,79.8,80,79.5,1562,1562,82.5,83.6,84.5,86.3
9:20:42,170,80.6,79.8,80,79.4,1562,1562,82.5,83.8,84.5,86.3
9:20:43,171,80.6,79.9,80,79.4,1562,1562,82.5,83.8,84.5,86.2
9:20:44,172,80.7,79.8,80,79.4,1562,1562,82.5,83.8,84.5,86.3
9:20:45,173,80.7,79.8,80,79.4,1562,1562,82.5,83.8,84.5,86.2
9:20:46,174,80.7,79.9,80,79.5,1562,1562,82.6,83.8,84.5,86.3
9:20:47,175,80.8,79.8,80,79.5,1562,1562,82.6,83.8,84.5,86.3
9:20:48,176,80.7,79.8,80.1,79.5,1562,1562,82.6,83.8,84.5,86.3
9:20:49,177,80.7,79.8,80,79.4,1562,1562,82.5,83.8,84.5,86.3
9:20:50,178,80.8,79.8,80,79.4,1562,1562,82.5,83.8,84.5,86.3
9:20:51,179,80.7,79.8,80,79.3,1562,1562,82.5,83.8,84.5,86.3
9:20:52,180,80.7,79.8,80,79.4,1562,1562,82.5,83.8,84.5,86.3
9:20:53,181,80.8,79.8,79.9,79.4,1562,1562,82.6,83.6,84.4,86.3
9:20:54,182,80.7,79.9,79.9,79.4,1562,1562,82.5,83.8,84.5,86.3
9:20:55,183,80.6,79.8,79.9,79.4,1562,1562,82.5,83.6,84.4,86.3
9:20:56,184,80.6,79.8,80,79.3,1562,1562,82.5,83.8,84.5,86.2
9:20:57,185,80.7,79.8,79.8,79.4,1562,1562,82.6,83.8,84.5,86.3
9:20:58,186,80.5,79.8,79.9,79.4,1562,1562,82.5,83.8,84.5,86.3
9:20:59,187,80.7,79.8,79.9,79.3,1562,1562,82.6,83.8,84.5,86.3
9:21:00,188,80.7,79.8,79.8,79.4,1562,1562,82.6,83.8,84.5,86.3
9:21:01,189,80.6,79.8,79.9,79.4,1562,1562,82.5,83.8,84.5,86.3
9:21:02,190,80.7,79.8,79.8,79.5,1562,1562,82.5,83.8,84.5,86.3
9:21:03,191,80.6,79.8,79.8,79.5,1562,1562,82.6,83.8,84.5,86.3
9:21:04,192,80.8,79.8,79.8,79.5,1562,1562,82.6,83.8,84.5,86.3
9:21:05,193,80.7,80,79.8,79.6,1562,1562,82.5,83.8,84.5,86.3
9:21:06,194,80.7,79.9,79.8,79.5,1562,1562,82.5,83.9,84.5,86.3
9:21:07,195,80.7,79.9,79.7,79.5,1562,1562,82.5,83.8,84.5,86.3
9:21:08,196,80.7,79.9,79.8,79.5,1562,1562,82.5,83.8,84.5,86.3
9:21:09,197,80.7,80,79.8,79.4,1562,1562,82.6,83.8,84.5,86.3
9:21:10,198,80.7,80,79.8,79.5,1562,1562,82.5,83.8,84.5,86.3
9:21:11,199,80.8,79.9,79.8,79.5,1562,1562,82.6,83.8,84.5,86.3
9:21:12,200,80.7,79.9,79.8,79.5,1562,1562,82.6,83.8,84.5,86.2
9:21:13,201,80.7,79.9,79.8,79.4,1562,1562,82.6,83.8,84.5,86.3
9:21:14,202,80.7,80,79.9,79.5,1562,1562,82.5,83.9,84.6,86.3
9:21:15,203,80.8,79.9,79.8,79.4,1562,1562,82.6,83.8,84.5,86.3
9:21:16,204,80.7,80,79.8,79.4,1562,1562,82.6,83.8,84.5,86.3
9:21:17,205,80.8,80,80,79.5,1562,1562,82.6,83.9,84.6,86.3
9:21:18,206,80.7,79.9,79.8,79.5,1562,1562,82.5,83.8,84.5,86.3
9:21:19,207,80.8,79.9,79.9,79.4,1562,1562,82.6,83.9,84.6,86.3
9:21:20,208,80.7,79.9,79.9,79.5,1562,1562,82.5,83.8,84.5,86.4
9:21:21,209,80.8,79.9,79.9,79.4,1562,1562,82.6,83.8,84.5,86.3
9:21:22,210,80.7,79.9,79.9,79.5,1562,1562,82.5,83.9,84.6,86.3
9:21:23,211,80.7,80.1,79.9,79.4,1562,1562,82.5,83.9,84.6,86.3
9:21:24,212,80.9,79.9,79.9,79.4,1562,1562,82.6,83.8,84.5,86.3
9:21:25,213,80.8,80,79.9,79.5,1562,1562,82.5,83.9,84.6,86.3
9:21:26,214,80.9,79.9,79.9,79.4,1562,1562,82.6,83.8,84.5,86.3
9:21:27,215,80.8,79.9,79.9,79.4,1562,1562,82.6,83.9,84.6,86.3
9:21:28,216,80.7,80,79.9,79.4,1562,1562,82.6,83.8,84.5,86.3
9:21:29,217,80.8,80.1,80,79.4,1562,1562,82.5,83.9,84.6,86.3
9:21:30,218,80.7,80,80,79.4,1562,1562,82.5,83.9,84.6,86.3
9:21:31,219,80.9,79.9,80,79.3,1562,1562,82.5,83.8,84.5,86.4
9:21:32,220,80.9,79.9,79.9,79.4,1562,1562,82.5,83.9,84.6,86.4
9:21:33,221,81,80.1,79.9,79.3,1562,1562,82.6,83.8,84.5,86.3
9:21:34,222,80.8,80,79.9,79.3,1562,1562,82.6,83.8,84.5,86.3
9:21:35,223,80.8,80,79.9,79.4,1562,1562,82.6,83.8,84.5,86.3
9:21:36,224,80.9,80.1,80,79.4,1562,1562,82.5,83.9,84.6,86.3
9:21:37,225,81,80.1,80,79.3,1562,1562,82.6,83.8,84.6,86.4
9:21:38,226,81.1,80.1,80,79.3,1562,1562,82.6,83.9,84.7,86.4
9:21:39,227,81.2,80.1,80,79.4,1562,1562,82.5,83.9,84.6,86.4
9:21:40,228,81.1,80.1,79.9,79.3,1562,1562,82.6,83.9,84.6,86.3
9:21:41,229,81.1,80.1,79.9,79.4,1562,1562,82.6,83.9,84.7,86.4
9:21:42,230,81,80,79.9,79.4,1562,1562,82.6,83.8,84.5,86.3
9:21:43,231,81,80,79.9,79.5,1562,1562,82.6,83.9,84.7,86.4
9:21:44,232,81.1,80.2,79.9,79.4,1562,1562,82.6,84,84.7,86.4
9:21:45,233,81.1,80.1,79.9,79.4,1562,1562,82.6,83.9,84.6,86.4
9:21:46,234,81.2,80.1,79.9,79.5,1562,1562,82.6,83.9,84.6,86.4
9:21:47,235,81,80,79.9,79.5,1562,1562,82.6,83.9,84.6,86.4
9:21:48,236,81,80.1,79.8,79.5,1562,1562,82.6,83.9,84.6,86.4
9:21:49,237,81.1,80,79.8,79.5,1562,1562,82.6,83.9,84.7,86.4
9:21:50,238,80.9,80.1,79.9,79.4,1562,1562,82.6,83.8,84.6,86.4
9:21:51,239,81.1,80,79.8,79.4,1562,1562,82.5,83.8,84.6,86.4
9:21:52,240,81,80.1,79.9,79.4,1562,1562,82.6,83.9,84.6,86.3
9:21:53,241,81.1,80.2,79.9,79.5,1562,1562,82.6,83.9,84.7,86.4
9:21:54,242,80.9,80.1,79.9,79.4,1562,1562,82.5,83.9,84.7,86.4
9:21:55,243,81,80.1,79.9,79.5,1562,1562,82.5,83.9,84.6,86.4
9:21:56,244,80.9,80.1,80,79.4,1562,1562,82.6,83.9,84.7,86.4
9:21:57,245,81.1,80,80,79.4,1562,1562,82.6,83.9,84.6,86.4
9:21:58,246,81.1,80,79.9,79.5,1562,1562,82.6,83.9,84.6,86.4
9:21:59,247,81.1,79.9,79.9,79.4,1562,1562,82.6,83.9,84.6,86.4
9:22:00,248,80.9,79.9,79.9,79.4,1562,1562,82.6,83.9,84.7,86.4
9:22:01,249,81,80,80,79.4,1562,1562,82.6,83.9,84.7,86.4
9:22:02,250,81,79.9,79.9,79.4,1562,1562,82.5,83.9,84.6,86.3
9:22:03,251,81,79.8,79.9,79.5,1562,1562,82.5,83.9,84.7,86.4
9:22:04,252,81,80,80,79.4,1562,1562,82.6,83.9,84.6,86.4
9:22:05,253,81,80.1,80,79.4,1562,1562,82.6,83.9,84.7,86.4
9:22:06,254,80.9,80,80,79.5,1562,1562,82.7,83.9,84.7,86.4
9:22:07,255,81.1,80.2,80,79.4,1562,1562,82.6,83.9,84.7,86.4
9:22:08,256,81.2,80.2,80.1,79.3,1562,1562,82.6,84,84.7,86.4
9:22:09,257,81.2,80.1,80,79.4,1562,1562,82.6,83.9,84.7,86.4
9:22:10,258,81.1,80,79.9,79.4,1562,1562,82.7,83.9,84.6,86.4
9:22:11,259,81.2,80.1,79.9,79.4,1562,1562,82.6,83.9,84.7,86.4
9:22:12,260,81.2,80.1,80,79.4,1562,1562,82.6,83.9,84.7,86.5
9:22:13,261,81.1,80.1,80,79.4,1562,1562,82.6,83.9,84.7,86.4
9:22:14,262,81.1,80.2,80,79.4,1562,1562,82.5,83.9,84.7,86.4
9:22:15,263,81.2,80.4,80,79.4,1562,1562,82.6,83.9,84.7,86.4
9:22:16,264,81.3,80.5,80.1,79.4,1562,1562,82.6,83.9,84.7,86.5
9:22:17,265,81.2,80.5,80.1,79.4,1562,1562,82.6,83.9,84.7,86.4
9:22:18,266,81.3,80.3,80.1,79.4,1562,1562,82.6,83.9,84.7,86.4
9:22:19,267,81.3,80.3,80.1,79.4,1562,1562,82.7,83.9,84.7,86.4
9:22:20,268,81.4,80.3,80.1,79.5,1562,1562,82.6,84,84.7,86.4
9:22:21,269,81.2,80.3,80.1,79.4,1562,1562,82.6,83.9,84.7,86.4
9:22:22,270,81.3,80.3,80.1,79.5,1562,1562,82.6,83.9,84.7,86.4
9:22:23,271,81.1,80.3,80.1,79.5,1562,1562,82.6,83.9,84.7,86.4
9:22:24,272,81.1,80.3,80.1,79.5,1562,1562,82.6,84,84.7,86.5
9:22:25,273,81.1,80.3,80.1,79.5,1562,1562,82.7,83.9,84.7,86.4
9:22:26,274,81.1,80.3,80.1,79.5,1562,1562,82.7,84,84.8,86.6
9:22:27,275,81.1,80.4,80.1,79.5,1562,1562,82.6,83.9,84.7,86.5
9:22:28,276,81.2,80.2,80.1,79.5,1562,1562,82.6,83.9,84.6,86.4
9:22:29,277,81.4,80.3,80.2,79.6,1562,1562,82.6,84,84.7,86.4
9:22:30,278,81.2,80.3,80.2,79.5,1562,1562,82.6,84,84.7,86.4
9:22:31,279,81.4,80.3,80.2,79.5,1562,1562,82.7,84,84.7,86.5
9:22:32,280,81.3,80.3,80.2,79.5,1562,1562,82.6,84,84.7,86.4
9:22:33,281,81.3,80.3,80.2,79.5,1562,1562,82.6,84,84.7,86.5
9:22:34,282,81.4,80.2,80.1,79.5,1562,1562,82.6,84,84.7,86.4
9:22:35,283,81.4,80.3,80.2,79.5,1562,1562,82.7,83.9,84.7,86.4
9:22:36,284,81.5,80.4,80.2,79.6,1562,1562,82.6,83.9,84.7,86.5
9:22:37,285,81.6,80.2,80.2,79.5,1562,1562,82.7,83.9,84.7,86.4
9:22:38,286,81.4,80.3,80.1,79.6,1562,1562,82.7,84,84.7,86.5
9:22:39,287,81.5,80.3,80.1,79.6,1562,1562,82.7,83.9,84.7,86.4
9:22:40,288,81.5,80.3,80.1,79.6,1562,1562,82.6,84,84.7,86.5
9:22:41,289,81.5,80.2,80.2,79.6,1562,1562,82.7,83.9,84.7,86.5
9:22:42,290,81.4,80.3,80.1,79.6,1562,1562,82.7,83.9,84.7,86.4
9:22:43,291,81.4,80.4,80.2,79.6,1562,1562,82.6,84.1,84.8,86.6
9:22:44,292,81.5,80.3,80.2,79.6,1562,1562,82.7,84,84.7,86.5
9:22:45,293,81.4,80.2,80.2,79.6,1562,1562,82.7,84,84.7,86.5
9:22:46,294,81.3,80.3,80.2,79.7,1562,1562,82.7,83.9,84.7,86.6
9:22:47,295,81.2,80.2,80.1,79.6,1562,1562,82.6,84,84.7,86.5
9:22:48,296,81.2,80.3,80.2,79.6,1562,1562,82.6,83.9,84.7,86.4
9:22:49,297,81.2,80.4,80.2,79.6,1562,1562,82.7,84,84.7,86.5
9:22:50,298,81.2,80.3,80.1,79.7,1562,1562,82.6,83.9,84.7,86.6
9:22:51,299,81.1,80.4,80.1,79.6,1562,1562,82.7,84,84.8,86.6
9:22:52,300,81.1,80.3,80.2,79.7,1562,1562,82.8,83.9,84.7,86.5
9:22:53,301,81.1,80.4,80.2,79.6,1562,1562,82.6,84,84.7,86.5
9:22:54,302,81.2,80.4,80.2,79.7,1562,1562,82.7,84,84.8,86.6
9:22:55,303,81.2,80.4,80.3,79.7,1562,1562,82.6,84.1,84.8,86.6
9:22:56,304,81.3,80.3,80.2,79.7,1562,1562,82.5,83.9,84.7,86.6
9:22:57,305,81.2,80.3,80.2,79.6,1562,1562,82.6,84,84.8,86.5
9:22:58,306,81.1,80.3,80.2,79.6,1562,1562,82.6,84,84.8,86.6
9:22:59,307,81.2,80.3,80.1,79.7,1562,1562,82.6,83.9,84.7,86.5
9:23:00,308,81.2,80.3,80.2,79.6,1562,1562,82.7,84,84.7,86.4
9:23:01,309,81.3,80.3,80.2,79.7,1562,1562,82.6,83.9,84.7,86.6
9:23:02,310,81.2,80.5,80.2,79.6,1562,1562,82.7,84,84.7,86.5
9:23:03,311,81.3,80.5,80.2,79.6,1562,1562,82.7,84,84.7,86.5
9:23:04,312,81.2,80.4,80.2,79.7,1562,1562,82.7,84,84.8,86.6
9:23:05,313,81.2,80.5,80.1,79.7,1562,1562,82.6,84,84.7,86.5
9:23:06,314,81.2,80.3,80.2,79.7,1562,1562,82.7,84,84.8,86.6
9:23:07,315,81.2,80.5,80.2,79.7,1562,1562,82.8,84,84.8,86.6
9:23:08,316,81,80.5,80.2,79.7,1562,1562,82.6,84,84.7,86.5
9:23:09,317,81.1,80.4,80.1,79.6,1562,1562,82.6,84,84.8,86.6
9:23:10,318,81.1,80.5,80.2,79.7,1562,1562,82.7,84,84.8,86.6
9:23:11,319,81.2,80.5,80.1,79.7,1562,1562,82.7,84,84.8,86.6
9:23:12,320,81.2,80.6,80.1,79.7,1562,1562,82.6,84,84.8,86.6
9:23:13,321,81.4,80.5,80.1,79.7,1562,1562,82.7,84,84.8,86.6
9:23:14,322,81.4,80.6,80.1,79.6,1562,1562,82.7,84,84.8,86.6
9:23:15,323,81.4,80.6,80.1,79.6,1562,1562,82.7,84,84.8,86.6
9:23:16,324,81.3,80.6,80.1,79.6,1562,1562,82.7,84,84.8,86.6
9:23:17,325,81.4,80.6,80.1,79.6,1562,1562,82.7,84.1,84.8,86.6
9:23:18,326,81.3,80.6,80,79.6,1562,1562,82.7,84,84.8,86.6
9:23:19,327,81.2,80.6,80,79.6,1562,1562,82.7,84,84.8,86.6
9:23:20,328,81.2,80.7,80.1,79.6,1562,1562,82.7,84,84.8,86.6
9:23:21,329,81.2,80.5,80,79.6,1562,1562,82.7,84,84.8,86.6
9:23:22,330,81.2,80.5,80.1,79.6,1562,1562,82.7,84,84.8,86.6
9:23:23,331,81.2,80.6,80.1,79.7,1562,1562,82.7,84,84.8,86.6
9:23:24,332,81.3,80.6,80.1,79.6,1562,1562,82.7,84,84.8,86.6
9:23:25,333,81.4,80.5,80.1,79.6,1562,1562,82.6,84,84.8,86.6
9:23:26,334,81.3,80.5,80.1,79.6,1562,1562,82.7,84,84.8,86.6
9:23:27,335,81.2,80.5,80.2,79.7,1562,1562,82.7,84.1,84.8,86.6
9:23:28,336,81.3,80.6,80.2,79.7,1562,1562,82.7,84,84.7,86.6
9:23:29,337,81.3,80.7,80.1,79.6,1562,1562,82.7,84,84.8,86.6
9:23:30,338,81.3,80.8,80.1,79.6,1562,1562,82.7,84.1,84.8,86.6
9:23:31,339,81.3,80.7,80.1,79.6,1562,1562,82.7,84,84.8,86.6
9:23:32,340,81.3,80.7,80.2,79.6,1562,1562,82.7,84,84.8,86.7
9:23:33,341,81.4,80.8,80.1,79.6,1562,1562,82.7,84,84.8,86.7
9:23:34,342,81.3,80.7,80.1,79.6,1562,1562,82.7,84,84.7,86.5
9:23:35,343,81.3,80.8,80.2,79.6,1562,1562,82.7,84.1,84.8,86.6
9:23:36,344,81.4,80.8,80.1,79.6,1562,1562,82.7,84,84.8,86.6
9:23:37,345,81.3,80.7,80.2,79.6,1562,1562,82.7,84.1,84.8,86.6
9:23:38,346,96.1,55.8,80.2,85,1562,1562,82.8,84.1,84.9,86.7
9:23:39,347,93.2,59.2,69.1,83,1562,1562,82.8,84.1,84.8,86.6
9:23:40,348,95,56.3,67.8,83,1562,1562,82.8,84.1,84.8,86.6
9:23:41,349,92.2,61.3,69.7,82.7,1562,1562,83,84.1,84.8,86.6
9:23:42,350,81.7,80.8,80.1,81.4,1562,1562,82.7,84,84.8,86.6
9:23:43,351,81.7,80.7,80.2,79.4,1562,1562,82.7,84,84.8,86.6
9:23:44,352,81.7,80.6,80.2,79.5,1562,1562,82.7,84.1,84.8,86.6
9:23:45,353,81.8,80.7,80.2,79.5,1562,1562,82.8,84.1,84.8,86.6
9:23:46,354,81.8,80.7,80.2,79.5,1562,1562,82.7,84,84.8,86.6
9:23:47,355,81.8,80.7,80.2,79.4,1562,1562,82.7,84,84.8,86.6
9:23:48,356,81.7,80.7,80.2,79.4,1562,1562,82.7,84.1,84.8,86.6
9:23:49,357,81.7,80.6,80.1,79.4,1562,1562,82.7,84,84.8,86.6
9:23:50,358,81.8,80.6,80.1,79.4,1562,1562,82.7,84,84.8,86.6
9:23:51,359,82,80.6,80.2,79.4,1562,1562,82.8,84.2,84.9,86.6
9:23:52,360,82,80.7,80.2,79.4,1562,1562,82.7,84.1,84.8,86.6
9:23:53,361,82,80.7,80.2,79.4,1562,1562,82.7,84.2,84.9,86.6
9:23:54,362,82,80.7,80.2,79.5,1562,1562,82.8,84,84.8,86.6
9:23:55,363,81.9,80.7,80.1,79.4,1562,1562,82.7,84.1,84.8,86.6
9:23:56,364,81.9,80.7,80.1,79.5,1562,1562,82.7,84.1,84.8,86.6
9:23:57,365,81.9,80.6,80,79.5,1562,1562,82.7,84.1,84.8,86.6
9:23:58,366,82,80.7,80,79.5,1562,1562,82.8,84.1,84.9,86.7
9:23:59,367,81.9,80.6,80.1,79.5,1562,1562,82.7,84.1,84.9,86.6
9:24:00,368,81.9,80.7,80,79.5,1562,1562,82.8,84.2,84.9,86.6
9:24:01,369,82,80.6,80,79.4,1562,1562,82.7,84.1,84.8,86.6
9:24:02,370,81.9,80.6,80,79.5,1562,1562,82.7,84,84.8,86.6
9:24:03,371,82,80.5,80,79.5,1562,1562,82.8,84.2,84.9,86.7
9:24:04,372,82,80.6,80,79.4,1562,1562,82.7,84.1,84.8,86.6
9:24:05,373,82,80.6,80,79.4,1562,1562,82.8,84.1,84.8,86.6
9:24:06,374,82.1,80.6,80,79.5,1562,1562,82.8,84.1,84.8,86.6
9:24:07,375,82,80.5,79.9,79.4,1562,1562,82.8,84,84.8,86.6
9:24:08,376,81.9,80.5,80,79.5,1562,1562,82.7,84,84.8,86.7
9:24:09,377,82.1,80.6,80,79.4,1562,1562,82.8,84.1,84.8,86.7
9:24:10,378,82,80.6,80,79.3,1562,1562,82.8,84.1,84.8,86.6
9:24:11,379,82,80.6,80,79.3,1562,1562,82.7,84.1,84.8,86.6
9:24:12,380,82.1,80.5,80,79.3,1562,1562,82.7,84,84.8,86.7
9:24:13,381,82,80.6,80,79.4,1562,1562,82.7,84.1,84.9,86.7
9:24:14,382,82,80.6,80.1,79.3,1562,1562,82.7,84.1,84.9,86.7
9:24:15,383,82.1,80.6,80.1,79.3,1562,1562,82.8,84.1,84.8,86.6
9:24:16,384,82.2,80.6,80,79.4,1562,1562,82.7,84.1,84.9,86.7
9:24:17,385,82.2,80.6,79.9,79.4,1562,1562,82.8,84.1,84.8,86.6
9:24:18,386,82.4,80.6,79.9,79.5,1562,1562,82.8,84.1,84.9,86.7
9:24:19,387,82.4,80.8,80,79.5,1562,1562,82.8,84.1,84.9,86.7
9:24:20,388,82.4,80.6,80.1,79.5,1562,1562,82.7,84.1,84.9,86.7
9:24:21,389,82.5,80.6,80.1,79.5,1562,1562,82.7,84.1,84.9,86.7
9:24:22,390,82.4,80.6,80,79.5,1562,1562,82.7,84.1,84.8,86.7
9:24:23,391,82.6,80.6,79.9,79.6,1562,1562,82.8,84.2,84.9,86.7
9:24:24,392,82.6,80.6,80,79.6,1562,1562,82.8,84.1,84.9,86.7
9:24:25,393,82.5,80.6,80,79.5,1562,1562,82.7,84.1,84.9,86.7
9:24:26,394,82.7,80.5,80.1,79.6,1562,1562,82.8,84.2,84.9,86.7
9:24:27,395,82.8,80.5,80,79.7,1562,1562,82.8,84.1,84.9,86.7
9:24:28,396,83,80.5,80,79.5,1562,1562,82.7,84.2,84.9,86.6
9:24:29,397,83.2,80.6,79.9,79.6,1562,1562,82.8,84.1,84.9,86.7
9:24:30,398,83.3,80.5,79.9,79.6,1562,1562,82.8,84.1,84.9,86.7
9:24:31,399,83.6,80.6,80,79.6,1562,1562,82.8,84.1,84.9,86.7
9:24:32,400,83.9,80.7,79.9,79.6,1562,1562,82.8,84.2,84.9,86.7
9:24:33,401,84,80.6,79.9,79.5,1562,1562,82.8,84.2,84.9,86.7
9:24:34,402,84.3,80.7,79.9,79.4,1562,1562,82.8,84.2,84.9,86.6
9:24:35,403,84.5,80.7,79.9,79.5,1562,1562,82.8,84.1,84.9,86.7
9:24:36,404,84.5,80.7,79.9,79.5,1562,1562,82.8,84.1,84.9,86.7
9:24:37,405,84.5,80.6,79.9,79.6,1562,1562,82.8,84.1,84.9,86.7
9:24:38,406,84.8,80.7,79.9,79.6,1562,1562,82.8,84.1,84.9,86.7
9:24:39,407,85,80.6,79.9,79.5,1562,1562,82.7,84.1,84.9,86.7
9:24:40,408,85,80.7,79.9,79.6,1562,1562,82.8,84.1,84.9,86.7
9:24:41,409,85.3,80.8,79.9,79.6,1562,1562,82.7,84.1,84.9,86.7
9:24:42,410,85.2,80.7,79.9,79.6,1562,1562,82.8,84.1,84.9,86.7
9:24:43,411,85.3,80.8,79.9,79.6,1562,1562,82.7,84.1,84.9,86.7
9:24:44,412,85.4,80.7,79.9,79.6,1562,1562,82.8,84.2,84.9,86.7
9:24:45,413,86.2,80.9,80,79.6,1562,1562,82.8,84.1,84.9,86.7
9:24:46,414,86.4,80.7,79.9,79.6,1562,1562,82.8,84.1,84.9,86.7
9:24:47,415,86.5,80.7,79.9,79.6,1562,1562,83,84.1,84.9,86.7
9:24:48,416,86.7,80.7,80,79.6,1562,1562,82.8,84.1,84.9,86.7
9:24:49,417,86.7,80.7,80,79.6,1562,1562,82.8,84.1,84.9,86.7
9:24:50,418,87,80.7,79.9,79.6,1562,1562,82.8,84.1,84.9,86.7
9:24:51,419,87.5,80.9,80,79.6,1562,1562,83,84.1,84.9,86.7
9:24:52,420,88.2,80.7,80,79.6,1562,1562,83,84.1,84.9,86.7
9:24:53,421,88,80.8,80,79.6,1562,1562,82.8,84.2,85,86.8
9:24:54,422,88,80.8,79.9,79.6,1562,1562,82.8,84.2,84.9,86.7
9:24:55,423,88.2,80.8,80,79.6,1562,1562,83,84.2,85,86.8
9:24:56,424,88.3,80.9,80,79.6,1562,1562,83,84.2,85,86.8
9:24:57,425,88.6,80.9,79.9,79.6,1562,1562,82.8,84.1,84.9,86.8
9:24:58,426,88.8,80.9,79.9,79.6,1562,1562,83,84.2,85,86.8
9:24:59,427,88.8,80.9,80,79.6,1562,1562,82.8,84.2,85,86.8
9:25:00,428,89.1,80.9,79.9,79.6,1562,1562,82.8,84.1,84.9,86.8
9:25:01,429,89.4,80.9,80,79.6,1562,1562,82.8,84.2,84.9,86.7
9:25:02,430,89.9,80.8,79.9,79.7,1562,1562,82.8,84.1,84.9,86.7
9:25:03,431,90,80.9,79.9,79.7,1562,1562,82.8,84.2,84.9,86.7
9:25:04,432,90.5,80.9,80,79.6,1562,1562,83,84.2,84.9,86.7
9:25:05,433,90.7,80.9,80,79.5,1562,1562,82.8,84.3,85,86.7
9:25:06,434,91.4,81,79.9,79.6,1562,1562,82.8,84.2,84.9,86.7
9:25:07,435,91.9,80.9,79.9,79.6,1562,1562,83,84.1,84.9,86.8
9:25:08,436,92.9,81,80,79.7,1562,1562,83,84.2,85,86.8
9:25:09,437,93.2,80.9,80,79.6,1562,1562,82.8,84.1,84.9,86.7
9:25:10,438,93.4,80.9,79.9,79.7,1562,1562,82.8,84.2,84.9,86.7
9:25:11,439,95.4,81.1,79.9,79.7,1562,1562,82.8,84.2,85,86.8
9:25:12,440,96,81.1,80,79.7,1562,1562,82.8,84.2,85,86.8
9:25:13,441,95.8,81.1,80,79.7,1562,1562,83,84.1,84.9,86.7
9:25:14,442,96.1,81.1,80,79.7,1562,1562,83,84.2,85,86.8
9:25:15,443,96.5,81.1,80,79.7,1562,1562,82.8,84.2,85,86.8
9:25:16,444,96.9,81.1,80,79.7,1562,1562,82.8,84.1,84.9,86.8
9:25:17,445,97.1,81.2,80.1,79.7,1562,1562,82.8,84.2,84.9,86.7
9:25:18,446,97.8,81.1,80.1,79.7,1562,1562,83,84.2,85,86.8
9:25:19,447,98,81.2,80,79.7,1562,1562,83,84.2,85,86.8
9:25:20,448,98.5,81.3,80.1,79.8,1562,1562,83,84.1,84.9,86.8
9:25:21,449,99.3,81.3,80.1,79.8,1562,1562,82.8,84.1,84.9,86.8
9:25:22,450,101.3,81.3,80.1,79.8,1562,1562,83,84.2,85,86.8
9:25:23,451,101.8,81.4,80.1,79.8,1562,1562,82.8,84.2,84.9,86.7
9:25:24,452,102.6,81.4,80.2,79.8,1562,1562,83,84.3,85,86.8
9:25:25,453,103,81.6,80.2,79.8,1562,1562,82.8,84.2,85,86.8
9:25:26,454,102.9,81.5,80.1,79.7,1562,1562,83,84.2,85,86.8
9:25:27,455,102.9,81.7,80.2,79.8,1562,1562,83,84.2,85,86.8
9:25:28,456,103.2,81.7,80.2,79.8,1562,1562,82.8,84.2,85,86.8
9:25:29,457,104.2,81.7,80.1,79.8,1562,1562,83,84.2,85,86.8
9:25:30,458,104.3,81.8,80.1,79.8,1562,1562,83,84.2,85,86.8
9:25:31,459,105,81.8,80.1,79.8,1562,1562,83,84.2,85,86.8
9:25:32,460,106.9,81.8,80.2,79.8,1562,1562,83,84.2,85,86.8
9:25:33,461,108.7,81.9,80.1,79.8,1562,1562,83,84.2,85,86.8
9:25:34,462,109.7,81.9,80.1,79.8,1562,1562,83,84.3,85,86.7
9:25:35,463,110.1,82,80.1,79.8,1562,1562,83,84.2,85,86.8
9:25:36,464,110.9,82,80.1,79.9,1562,1562,83,84.2,85,86.8
9:25:37,465,111.2,82.2,80.2,79.9,1562,1562,83,84.2,84.9,86.7
9:25:38,466,112,82.1,80.2,79.8,1562,1562,82.8,84.2,85,86.8
9:25:39,467,114.7,82.2,80.3,79.9,1562,1562,83,84.3,85,86.7
9:25:40,468,115.5,82.5,80.4,79.8,1562,1562,82.8,84.3,85,86.8
9:25:41,469,116.1,82.4,80.4,79.8,1562,1562,82.8,84.2,85,86.8
9:25:42,470,116.8,82.4,80.4,79.9,1562,1562,82.8,84.3,85,86.8
9:25:43,471,119.2,82.8,80.5,79.9,1562,1562,83,84.2,85,86.8
9:25:44,472,118.7,82.8,80.6,79.9,1562,1562,83,84.2,85,86.8
9:25:45,473,120.6,82.8,80.6,79.9,1562,1562,82.8,84.2,85,86.8
9:25:46,474,123.7,82.9,80.6,79.9,1562,1562,83,84.2,85,86.8
9:25:47,475,125.2,83.1,80.9,80,1562,1562,83,84.2,85,86.8
9:25:48,476,126.2,83.1,81.2,80,1562,1562,83,84.2,85,86.8
9:25:49,477,127.9,83.3,81.5,79.9,1562,1562,83,84.3,85,86.8
9:25:50,478,127.6,83.4,81.5,80,1562,1562,83,84.3,85,86.8
9:25:51,479,129.8,83.5,81.8,80,1562,1562,83,84.2,85,86.8
9:25:52,480,131.5,83.5,82,80,1562,1562,83,84.3,85,86.8
9:25:53,481,135.6,83.7,82.3,80,1562,1562,83,84.3,85,86.8
9:25:54,482,137.2,83.8,82.7,80,1562,1562,83,84.3,85,86.8
9:25:55,483,137.8,83.8,82.6,80.1,1562,1562,83,84.2,85,86.8
9:25:56,484,138.5,83.9,82.5,80.1,1562,1562,83,84.3,85,86.8
9:25:57,485,140.1,84.1,82.9,80.1,1562,1562,83,84.3,85,86.8
9:25:58,486,144.3,84.1,83.1,80.1,1562,1562,83,84.2,85,86.8
9:25:59,487,145.8,84.2,83.2,80.1,1562,1562,83,84.2,85,86.9
9:26:00,488,149.1,84.4,83.4,80.1,1562,1562,82.8,84.2,85,86.8
9:26:01,489,149.7,84.6,83.4,80,1562,1562,83,84.2,85,86.8
9:26:02,490,151.5,84.7,83.3,80,1562,1562,83.1,84.3,85,86.8
9:26:03,491,155.5,85,83.3,80.1,1562,1562,83,84.3,85,86.8
9:26:04,492,157.2,85.1,84.1,80.1,1562,1562,83,84.3,85,86.8
9:26:05,493,158.8,85.3,84,80.1,1562,1562,83,84.2,85,86.8
9:26:06,494,164.8,85.4,84,80.2,1562,1562,83,84.2,85,86.8
9:26:07,495,170.7,85.6,84.6,80.2,1562,1562,83,84.2,85,86.9
9:26:08,496,171.8,85.9,84.8,80.1,1562,1562,83,84.2,85,86.8
9:26:09,497,170.2,86,84.8,80.1,1562,1562,83.1,84.3,85,86.8
9:26:10,498,170.3,86.3,84.9,80.1,1562,1562,83,84.2,85,86.9
9:26:11,499,170.8,86.5,85.7,80,1562,1562,83,84.3,85.1,87
9:26:12,500,173.6,86.7,86.1,80.1,1562,1562,83,84.2,85,86.9
9:26:13,501,179.3,87.2,86.3,80.1,1562,1562,83,84.2,85,86.9
9:26:14,502,180,87.5,87.4,80,1562,1562,83,84.3,85.1,86.9
9:26:15,503,182,87.5,87.1,80.1,1562,1562,83.1,84.3,85.1,86.9
9:26:16,504,191.4,87.4,87.8,80.1,1562,1562,83,84.3,85,86.8
9:26:17,505,191.8,87.3,88.7,80,1562,1562,83,84.3,85.1,86.9
9:26:18,506,193.1,87.2,89.2,80.1,1562,1562,83,84.2,85,86.9
9:26:19,507,193.2,87.2,89.8,80.1,1562,1562,83,84.3,85.1,86.9
9:26:20,508,194,87.2,90.3,80,1562,1562,83,84.3,85,86.8
9:26:21,509,193.3,87,89.8,80.1,1562,1562,83,84.2,85,86.8
9:26:22,510,192,87,90.1,80.1,1562,1562,83,84.3,85.1,86.9
9:26:23,511,191.1,86.3,90.5,80.1,1562,1562,83,84.2,85,86.8
9:26:24,512,189.6,86.3,90.9,80.1,1562,1562,83.1,84.3,85,86.8
9:26:25,513,187.2,86.3,91.2,80,1562,1562,83,84.3,85.1,86.9
9:26:26,514,185.4,85.9,91.3,80,1562,1562,83.1,84.3,85,86.8
9:26:27,515,184.6,85.8,92.7,80.1,1562,1562,83.1,84.3,85.1,86.9
9:26:28,516,184.1,85.8,93.3,80.1,1562,1562,83,84.2,85,87
9:26:29,517,183.5,85.8,93.6,80.1,1562,1562,83,84.3,85,86.9
9:26:30,518,181.8,85.8,94.4,80.1,1562,1562,83,84.2,85,87
9:26:31,519,180.3,85.7,95.4,80.1,1562,1562,83,84.3,85.1,86.9
9:26:32,520,180,85.7,96.2,80,1562,1562,83,84.2,85,86.8
9:26:33,521,178.5,85.7,97,80.2,1562,1562,83,84.3,85.1,87
9:26:34,522,176.9,85.7,97.6,80.1,1562,1562,83,84.3,85.1,87
9:26:35,523,176.9,85.8,98.3,80.1,1562,1562,83,84.4,85.1,86.8
9:26:36,524,175.9,85.9,98.9,80.1,1562,1562,83.1,84.3,85.1,87
9:26:37,525,176.6,86.1,100.9,80.1,1562,1562,83,84.3,85.1,86.9
9:26:38,526,176.6,86.2,101.1,80.2,1562,1562,83.1,84.3,85.1,86.9
9:26:39,527,177,86.7,101.2,80.1,1562,1562,83,84.3,85.1,86.9
9:26:40,528,185.4,87,101.4,80.1,1562,1562,83.1,84.3,85.1,86.9
9:26:41,529,186.6,87.1,102.5,80.2,1562,1562,83,84.3,85.1,86.9
9:26:42,530,189.8,87.2,102.7,80.1,1562,1562,83,84.3,85.1,86.9
9:26:43,531,200,87.6,102.9,80.2,1562,1562,83,84.4,85.1,86.8
9:26:44,532,207.7,87.6,102.9,80.2,1562,1562,83.1,84.3,85.1,87
9:26:45,533,210.1,87.9,103.1,80.2,1562,1562,83,84.3,85.1,87
9:26:46,534,230.9,88.1,104.1,80.1,1562,1562,83.1,84.4,85.2,86.9
9:26:47,535,240.5,88.6,105.8,80.1,1562,1562,83,84.3,85.1,87
9:26:48,536,244.6,89.3,106.4,80.1,1562,1562,83.1,84.4,85.2,86.9
9:26:49,537,249.2,89.6,106.5,80.2,1562,1562,83.1,84.3,85.1,87
9:26:50,538,98.2,89.8,107.1,80.1,1562,1562,83.1,84.3,85.1,87
9:26:51,539,95.9,88.2,106.4,80.1,1562,1562,83.1,84.3,85.1,87
9:26:52,540,97,86.8,107.1,80.1,1562,1562,83,84.3,85.2,87
9:26:53,541,93.6,83.8,107.9,80.1,1562,1562,83.1,84.3,85.1,87
9:26:54,542,90.2,83.1,109.7,80.3,1562,1562,83.1,84.3,85.1,87
9:26:55,543,89.1,83.6,112.1,80.1,1562,1562,83.1,84.3,85.1,87
9:26:56,544,91.2,82.9,112.7,80.1,1562,1562,83.1,84.3,85.1,87
9:26:57,545,89.8,84.2,112,80.2,1562,1562,83.1,84.3,85.1,87
9:26:58,546,91.3,83.8,111.7,80.2,1562,1562,83.1,84.4,85.2,86.9
9:26:59,547,92.3,84.3,111.5,80.2,1562,1562,83.1,84.4,85.2,87
9:27:00,548,88.4,89.9,111.7,80.1,1562,1562,83.1,84.4,85.2,87
9:27:01,549,92,89.4,111.3,80.3,1562,1562,83,84.3,85.1,87
9:27:02,550,94.1,88.4,111,80.6,1562,1562,83.1,84.3,85.1,87
9:27:03,551,93.3,89.9,110.1,80.7,1562,1562,83.1,84.3,85.1,87
9:27:04,552,94.7,90.7,108.4,80.8,1562,1562,83.1,84.3,85.1,86.9
9:27:05,553,94.7,90,107.9,81.1,1562,1562,83.1,84.4,85.2,87
9:27:06,554,91.9,88.3,107.4,81.5,1562,1562,83.1,84.3,85.2,87
9:27:07,555,90.2,88.1,105.6,81.7,1562,1562,83.1,84.3,85.1,86.9
9:27:08,556,89.9,88.9,104.6,81.8,1562,1562,83,84.4,85.2,87
9:27:09,557,91.2,88.8,104,82,1562,1562,83.1,84.3,85.1,87
9:27:10,558,90.8,88.5,103.6,82,1562,1562,83.1,84.3,85.1,87
9:27:11,559,91,89.3,102.8,82.1,1562,1562,83.1,84.3,85.2,87
9:27:12,560,92,90.5,102.6,82.6,1562,1562,83.1,84.3,85.2,87
9:27:13,561,92.2,92.2,101.6,82.8,1562,1562,83.1,84.4,85.2,87
9:27:14,562,91.7,92.3,100.7,83,1562,1562,83.1,84.3,85.2,87
9:27:15,563,93.1,91.8,100.6,83.1,1562,1562,83.1,84.3,85.1,87
9:27:16,564,91.8,90.4,100.6,83.6,1562,1562,83.1,84.4,85.2,87
9:27:17,565,93.9,92.8,100.4,83.5,1562,1562,83.2,84.4,85.2,87
9:27:18,566,93.3,93.9,100.3,83.4,1562,1562,83.1,84.4,85.2,87
9:27:19,567,93.6,93.1,100.3,83.2,1562,1562,83.1,84.4,85.2,87
9:27:20,568,92.9,93.5,100.2,83.1,1562,1562,83.1,84.3,85.1,87
9:27:21,569,91.9,93.7,99.8,83.3,1562,1562,83.1,84.4,85.2,87
9:27:22,570,92.6,93.4,99.4,83.5,1562,1562,83.1,84.4,85.2,87
9:27:23,571,92,93.4,99.2,83.6,1562,1562,83.1,84.4,85.2,87
9:27:24,572,93.9,93.2,98.6,83.6,1562,1562,83.1,84.4,85.2,87.1
9:27:25,573,94.7,92.7,98.5,83.7,1562,1562,83.1,84.4,85.2,87
9:27:26,574,92.3,92.8,98.5,83.8,1562,1562,83.1,84.3,85.1,87
9:27:27,575,93.3,94.3,98.1,84,1562,1562,83.1,84.4,85.2,87
9:27:28,576,92.8,93.7,98,84,1562,1562,83.2,84.4,85.2,87
9:27:29,577,90.4,93.1,97.9,84.1,1562,1562,83.1,84.4,85.2,87
9:27:30,578,91.9,94.5,97.6,84.1,1562,1562,83.2,84.4,85.2,87
9:27:31,579,91.6,94.5,97.3,84.2,1562,1562,83.1,84.3,85.2,87
9:27:32,580,91.2,94.9,97,84.2,1562,1562,83.1,84.4,85.2,87
9:27:33,581,92.5,93.9,96.9,84.2,1562,1562,83.2,84.4,85.2,87
9:27:34,582,94,93.9,96.8,84.5,1562,1562,83.2,84.4,85.2,87
9:27:35,583,93.9,93.5,96.7,85,1562,1562,83.1,84.4,85.2,87
9:27:36,584,94.5,94.3,96.5,85.8,1562,1562,83.2,84.4,85.2,87
9:27:37,585,93.8,95.9,96.4,86,1562,1562,83.1,84.5,85.3,87
9:27:38,586,93.6,94.6,96.1,86.1,1562,1562,83.1,84.4,85.2,87
9:27:39,587,92.3,93.2,96.1,87.1,1562,1562,83.1,84.5,85.3,87
9:27:40,588,94.1,92.1,95.9,87.3,1562,1562,83.1,84.4,85.2,87
9:27:41,589,91.4,92.3,95.7,87.5,1562,1562,83.1,84.4,85.2,87.1
9:27:42,590,90.4,92.7,95.6,88.1,1562,1562,83.1,84.3,85.2,87.1
9:27:43,591,91.6,92.5,95.4,88.5,1562,1562,83.2,84.4,85.2,87
9:27:44,592,92.6,92.3,95,88.6,1562,1562,83.1,84.4,85.2,87
9:27:45,593,92.3,93,94.6,88.8,1562,1562,83.1,84.4,85.2,87.1
9:27:46,594,92.8,93.4,94.4,88.9,1562,1562,83.1,84.4,85.2,87.1
9:27:47,595,92.3,93.4,94.1,89,1562,1562,83.1,84.4,85.3,87.1
9:27:48,596,92.3,93.1,93.8,89,1562,1562,83.1,84.4,85.2,87.1
9:27:49,597,93.8,93,93.6,89.1,1562,1562,83.2,84.4,85.2,87.1
9:27:50,598,93.5,92.9,93.5,89,1562,1562,83.1,84.4,85.2,87.1
9:27:51,599,91.7,92.8,92.9,89.2,1562,1562,83.2,84.5,85.3,87.1
9:27:52,600,93.8,92.6,92.7,89.5,1562,1562,83.2,84.4,85.2,87.1
9:27:53,601,94.4,94.7,92.7,89.5,1562,1562,83.1,84.4,85.2,87.1
9:27:54,602,92.7,95.1,92.8,89.5,1562,1562,83.2,84.4,85.2,87
9:27:55,603,92.8,95.9,92.8,89.3,1562,1562,83.1,84.4,85.3,87.1
9:27:56,604,93.9,95.9,92.5,88.9,1562,1562,83.2,84.4,85.2,87.1
9:27:57,605,94.1,95.3,92.2,88.9,1562,1562,83.1,84.4,85.2,87
9:27:58,606,94.4,95.6,92.4,89.3,1562,1562,83.1,84.4,85.2,87
9:27:59,607,93.4,96.5,92.3,89.7,1562,1562,83.2,84.5,85.3,87.1
9:28:00,608,95.7,95.6,92.2,89.8,1562,1562,83.2,84.4,85.2,87
9:28:01,609,94.9,95,92.2,89.9,1562,1562,83.1,84.4,85.2,87.1
9:28:02,610,94.9,94.8,92.3,89.7,1562,1562,83.1,84.4,85.2,87
9:28:03,611,92.5,94.6,92.2,89.3,1562,1562,83.1,84.4,85.2,87.1
9:28:04,612,91.9,95.2,92.1,89.3,1562,1562,83.2,84.5,85.3,87.1
9:28:05,613,95.3,96.3,91.8,89.5,1562,1562,83.1,84.4,85.2,87.1
9:28:06,614,94,96.5,91.7,89.4,1562,1562,83.2,84.5,85.3,87.1
9:28:07,615,93.3,95.3,91.9,89.1,1562,1562,83.1,84.5,85.3,87.1
9:28:08,616,95.1,95.5,92,88.8,1562,1562,83.2,84.5,85.3,87.1
9:28:09,617,96.9,95.3,92,88.8,1562,1562,83.2,84.4,85.2,87
9:28:10,618,95.4,95.9,91.9,88.8,1562,1562,83.1,84.4,85.2,87.1
9:28:11,619,95.4,96,91.8,89,1562,1562,83.1,84.4,85.2,87.1
9:28:12,620,94.8,96.2,91.8,89.2,1562,1562,83.2,84.5,85.3,87.1
9:28:13,621,96.1,96.6,91.7,89.1,1562,1562,83.2,84.4,85.2,87
9:28:14,622,95.9,97,91.6,89.1,1562,1562,83.1,84.5,85.3,87.1
9:28:15,623,96.4,97,91.8,89,1562,1562,83.2,84.4,85.2,87.1
9:28:16,624,97.6,97.1,91.6,89,1562,1562,83.2,84.5,85.3,87.1
9:28:17,625,97.1,95.3,91.8,89,1562,1562,83.2,84.5,85.3,87.1
9:28:18,626,96.9,95.1,91.5,89.1,1562,1562,83.2,84.4,85.3,87.1
9:28:19,627,96.4,95,91.7,89.2,1562,1562,83.2,84.5,85.3,87.1
9:28:20,628,96.9,97.4,91.8,89.3,1562,1562,83.1,84.5,85.3,87.1
9:28:21,629,97.4,97.9,91.3,89.5,1562,1562,83.1,84.5,85.3,87.1
9:28:22,630,97.7,98.1,91.5,88.3,1562,1562,83.2,84.5,85.3,87.1
9:28:23,631,96.8,97.9,91.6,88.4,1562,1562,83.2,84.5,85.3,87.1
9:28:24,632,95.9,98.1,91.3,88.4,1562,1562,83.3,84.5,85.3,87.1
9:28:25,633,98.8,98.4,91.2,88.3,1562,1562,83.2,84.5,85.3,87.1
9:28:26,634,99,98.1,91.4,88,1562,1562,83.3,84.5,85.3,87.1
9:28:27,635,101.8,97,91.2,87.7,1562,1562,83.2,84.5,85.3,87.1
9:28:28,636,99.7,97.8,90.9,87.4,1562,1562,83.2,84.5,85.3,87.1
9:28:29,637,99,99,91.2,87.7,1562,1562,83.2,84.5,85.3,87.1
9:28:30,638,99.9,98.6,90.8,88.3,1562,1562,83.2,84.5,85.3,87.1
9:28:31,639,100.1,98.3,91,88.8,1562,1562,83.2,84.5,85.3,87.1
9:28:32,640,97.6,98,91,89,1562,1562,83.2,84.4,85.3,87.1
9:28:33,641,97.3,97.7,91,88.9,1562,1562,83.2,84.5,85.3,87.1
9:28:34,642,98.8,97.8,90.7,88.6,1562,1562,83.2,84.5,85.3,87.1
9:28:35,643,97.3,97.8,90.6,88,1562,1562,83.2,84.5,85.3,87.1
9:28:36,644,98.5,98,90.7,87.3,1562,1562,83.2,84.7,85.3,87.1
9:28:37,645,98.1,98.9,90.6,87.2,1562,1562,83.2,84.5,85.3,87.1
9:28:38,646,98.4,99,90.5,87.1,1562,1562,83.2,84.5,85.3,87.1
9:28:39,647,98.1,98.8,90.5,86.9,1562,1562,83.2,84.5,85.3,87.2
9:28:40,648,98.1,99.2,91.5,86.8,1562,1562,83.3,84.5,85.3,87.1
9:28:41,649,98.1,98.7,91.3,86.8,1562,1562,83.2,84.4,85.3,87.1
9:28:42,650,96.9,98.8,91.1,86.7,1562,1562,83.2,84.5,85.3,87.1
9:28:43,651,96.6,99.9,91.7,86.8,1562,1562,83.2,84.5,85.3,87.1
9:28:44,652,97.8,99.2,91.1,86.8,1562,1562,83.2,84.5,85.3,87.1
9:28:45,653,98.1,98.9,90.6,86.9,1562,1562,83.2,84.5,85.3,87.1
9:28:46,654,98.3,99.4,90.5,87.1,1562,1562,83.2,84.7,85.4,87.1
9:28:47,655,99.6,99.5,90.4,86.9,1562,1562,83.2,84.4,85.3,87.2
9:28:48,656,98.5,99.9,90.6,86.7,1562,1562,83.3,84.4,85.3,87.2
9:28:49,657,99,100.2,90.4,86.7,1562,1562,83.3,84.5,85.3,87.1
9:28:50,658,99.6,99.7,90.4,86.7,1562,1562,83.2,84.5,85.3,87.2
9:28:51,659,97.1,99.4,90.9,86.8,1562,1562,83.2,84.5,85.3,87.1
9:28:52,660,96.3,99.2,91,87.2,1562,1562,83.2,84.5,85.3,87.1
9:28:53,661,100.3,98.4,90.9,87.5,1562,1562,83.2,84.5,85.3,87.2
9:28:54,662,96.7,99.1,90.3,87.4,1562,1562,83.3,84.5,85.3,87.2
9:28:55,663,98.8,98.9,90.5,87.5,1562,1562,83.2,84.5,85.3,87.1
9:28:56,664,94.4,98,90.6,87.5,1562,1562,83.3,84.5,85.3,87.1
9:28:57,665,96.2,98.5,90.4,87.5,1562,1562,83.2,84.5,85.3,87.2
9:28:58,666,96.4,98.2,90.7,87.8,1562,1562,83.3,84.5,85.3,87.2
9:28:59,667,98.7,97.7,91.1,87.9,1562,1562,83.3,84.5,85.3,87.2
9:29:00,668,98.9,97.3,91.2,88.1,1562,1562,83.3,84.5,85.3,87.2
9:29:01,669,96.3,97.6,91.2,88.2,1562,1562,83.2,84.5,85.3,87.1
9:29:02,670,95.2,97.7,90.7,88.2,1562,1562,83.3,84.5,85.3,87.2
9:29:03,671,97.3,98.4,91.1,88.4,1562,1562,83.3,84.5,85.3,87.1
9:29:04,672,96.3,98.7,91.5,88.5,1562,1562,83.2,84.7,85.4,87.2
9:29:05,673,95.9,98.4,91.6,88.7,1562,1562,83.2,84.5,85.3,87.2
9:29:06,674,95.4,98.5,91.7,89.1,1562,1562,83.3,84.7,85.4,87.2
9:29:07,675,96,97.6,91.3,88.7,1562,1562,83.3,84.5,85.3,87.2
9:29:08,676,95.2,96.3,90.7,88.3,1562,1562,83.2,84.5,85.3,87.2
9:29:09,677,96,96.6,90.6,88.1,1562,1562,83.2,84.7,85.3,87.1
9:29:10,678,93.2,95.6,90.5,88.6,1562,1562,83.2,84.7,85.4,87.2
9:29:11,679,94.6,95.2,90.6,88.4,1562,1562,83.3,84.5,85.3,87.1
9:29:12,680,95.7,95,90.7,87.5,1562,1562,83.3,84.7,85.4,87.2
9:29:13,681,94.4,94.1,90.6,87.4,1562,1562,83.3,84.5,85.4,87.2
9:29:14,682,95.4,94.6,89.8,87.4,1562,1562,83.3,84.7,85.4,87.2
9:29:15,683,94.8,94.5,89.3,87.2,1562,1562,83.4,84.5,85.3,87.2
9:29:16,684,97,94.1,88.5,86.7,1562,1562,83.3,84.7,85.4,87.2
9:29:17,685,95.6,93.3,89.1,86.6,1562,1562,83.3,84.7,85.4,87.2
9:29:18,686,94.1,96.2,90.7,86.7,1562,1562,83.3,84.7,85.4,87.1
9:29:19,687,92.3,96,90.7,86.9,1562,1562,83.3,84.7,85.4,87.2
9:29:20,688,92,95.7,90.5,87,1562,1562,83.3,84.5,85.3,87.2
9:29:21,689,91.9,95.8,90.4,87.1,1562,1562,83.3,84.5,85.3,87.2
9:29:22,690,94.6,95.3,90.4,87.2,1562,1562,83.3,84.5,85.3,87.2
9:29:23,691,93.3,94,90.2,87,1562,1562,83.3,84.5,85.3,87.2
9:29:24,692,93.5,93.5,90.1,86.7,1562,1562,83.3,84.5,85.3,87.2
9:29:25,693,93.1,93.7,89.9,86.7,1562,1562,83.3,84.5,85.3,87.2
9:29:26,694,95.1,94.3,90.2,86.4,1562,1562,83.3,84.7,85.4,87.2
9:29:27,695,95.4,96.4,89.9,86.2,1562,1562,83.3,84.7,85.4,87.2
9:29:28,696,96,97.3,89.9,86.2,1562,1562,83.3,84.7,85.4,87.2
9:29:29,697,96.2,97.7,89.4,86.4,1562,1562,83.4,84.7,85.4,87.2
9:29:30,698,97.3,98.2,89.1,86.4,1562,1562,83.2,84.5,85.3,87.2
9:29:31,699,98.4,98.1,88.8,86.4,1562,1562,83.3,84.5,85.4,87.2
9:29:32,700,99.3,97.9,88.8,86.1,1562,1562,83.3,84.7,85.4,87.2
9:29:33,701,100.7,97.4,88.6,86.2,1562,1562,83.3,84.5,85.3,87.2
9:29:34,702,100.7,97.5,88.4,86.2,1562,1562,83.4,84.7,85.4,87.2
9:29:35,703,101.9,97.2,88.3,86.4,1562,1562,83.3,84.7,85.4,87.2
9:29:36,704,103.4,97.4,88.3,86.3,1562,1562,83.3,84.7,85.4,87.3
9:29:37,705,103.4,96.8,88.7,86.2,1562,1562,83.3,84.7,85.4,87.2
9:29:38,706,102.3,96.4,88.9,86.2,1562,1562,83.3,84.7,85.4,87.2
9:29:39,707,101.6,96.3,89.7,86,1562,1562,83.3,84.7,85.4,87.2
9:29:40,708,102.1,96.2,90.6,85.9,1562,1562,83.3,84.7,85.4,87.2
9:29:41,709,101.7,96.1,90.1,85.7,1562,1562,83.3,84.7,85.4,87.2
9:29:42,710,101.3,96.2,89.5,85.5,1562,1562,83.3,84.7,85.4,87.2
9:29:43,711,102.2,96.2,89.9,85.5,1562,1562,83.3,84.5,85.3,87.2
9:29:44,712,101.8,96.3,89.9,85.6,1562,1562,83.4,84.7,85.4,87.2
9:29:45,713,101.5,96.2,90.3,85.7,1562,1562,83.3,84.7,85.4,87.2
9:29:46,714,101.4,96.3,90.2,85.7,1562,1562,83.3,84.8,85.5,87.2
9:29:47,715,101.7,95.9,89.5,85.5,1562,1562,83.3,84.5,85.3,87.2
9:29:48,716,101.8,96.1,89.2,85.4,1562,1562,83.3,84.7,85.4,87.2
9:29:49,717,101.5,96,88.8,85.3,1562,1562,83.4,84.7,85.4,87.2
9:29:50,718,100.6,96.1,89.1,85.3,1562,1562,83.3,84.7,85.4,87.2
9:29:51,719,100.4,96.3,89.7,85.1,1562,1562,83.4,84.7,85.4,87.2
9:29:52,720,100.8,96.2,90.4,85.1,1562,1562,83.3,84.7,85.4,87.2
9:29:53,721,101.2,96.7,90.7,85.1,1562,1562,83.3,84.7,85.4,87.2
9:29:54,722,101.1,96.7,90.1,85.1,1562,1562,83.3,84.7,85.4,87.3
9:29:55,723,101.1,96.6,89.9,85.2,1562,1562,83.3,84.7,85.4,87.2
9:29:56,724,100.9,96.8,90,85.2,1562,1562,83.2,84.7,85.4,87.2
9:29:57,725,100.8,96.9,91.4,85.1,1562,1562,83.3,84.7,85.4,87.3
9:29:58,726,101.2,96.8,91.1,85.3,1562,1562,83.3,84.7,85.4,87.2
9:29:59,727,101.3,96.7,91.2,85.5,1562,1562,83.3,84.7,85.4,87.2
9:30:00,728,100.7,96.4,91.5,85.3,1562,1562,83.3,84.7,85.4,87.3
9:30:01,729,100.6,96.2,90.3,85.6,1562,1562,83.4,84.7,85.4,87.2
9:30:02,730,100,96,90.8,85.7,1562,1562,83.3,84.7,85.4,87.3
9:30:03,731,101.3,96,90.1,85.5,1562,1562,83.3,84.8,85.5,87.3
9:30:04,732,101.1,95.8,90.4,85.5,1562,1562,83.3,84.7,85.4,87.3
9:30:05,733,100.7,95.8,90.6,85.4,1562,1562,83.3,84.7,85.4,87.3
9:30:06,734,100.8,95.6,90,86.1,1562,1562,83.3,84.7,85.4,87.3
9:30:07,735,100.8,95.2,89.2,86.4,1562,1562,83.3,84.8,85.5,87.2
9:30:08,736,101,95.2,89.2,86.4,1562,1562,83.3,84.7,85.4,87.2
9:30:09,737,101.4,95.1,89.5,86.5,1562,1562,83.3,84.7,85.4,87.3
9:30:10,738,100.5,95,89.9,86.3,1562,1562,83.3,84.8,85.5,87.3
9:30:11,739,100.3,94.8,89.7,85.5,1562,1562,83.3,84.7,85.4,87.2
9:30:12,740,100.2,94.7,89.3,85.2,1562,1562,83.3,84.7,85.4,87.3
9:30:13,741,100.3,94.6,89.6,85,1562,1562,83.4,84.7,85.5,87.3
9:30:14,742,100.5,94.5,90.9,85,1562,1562,83.4,84.7,85.4,87.3
9:30:15,743,100.4,94.5,90.3,85.1,1562,1562,83.3,84.8,85.5,87.3
9:30:16,744,100.5,94.4,89.7,84.6,1562,1562,83.3,84.7,85.4,87.3
9:30:17,745,100.4,94.4,89.5,84.3,1562,1562,83.3,84.7,85.5,87.3
9:30:18,746,100.3,94.2,89.2,84.2,1562,1562,83.4,84.7,85.5,87.3
9:30:19,747,100.3,94.3,89.6,84.2,1562,1562,83.3,84.7,85.4,87.3
9:30:20,748,99.8,94.3,89.8,84.2,1562,1562,83.3,84.8,85.6,87.3
9:30:21,749,99.5,94.3,89.4,84.1,1562,1562,83.3,84.7,85.4,87.3
9:30:22,750,99.3,94.2,89,84,1562,1562,83.4,84.7,85.4,87.3
9:30:23,751,99.4,94,89.1,84,1562,1562,83.4,84.7,85.4,87.3
9:30:24,752,99.4,94,89.9,84.1,1562,1562,83.4,84.8,85.5,87.2
9:30:25,753,99.5,93.9,90,84.2,1562,1562,83.4,84.7,85.4,87.3
9:30:26,754,99.5,93.9,89.8,84.1,1562,1562,83.3,84.7,85.5,87.3
9:30:27,755,99.5,93.8,89.9,84.1,1562,1562,83.4,84.8,85.5,87.3
9:30:28,756,99.9,93.7,90.1,84.2,1562,1562,83.4,84.7,85.4,87.3
9:30:29,757,99.8,93.7,89.6,84.2,1562,1562,83.4,84.7,85.5,87.3
9:30:30,758,99.7,93.6,89.5,84.2,1562,1562,83.4,84.7,85.5,87.3
9:30:31,759,99.8,93.7,89,84.1,1562,1562,83.4,84.7,85.5,87.3
9:30:32,760,100,93.6,88.5,84.4,1562,1562,83.4,84.7,85.4,87.3
9:30:33,761,99.8,93.7,89.1,84.5,1562,1562,83.4,84.7,85.4,87.3
9:30:34,762,99.9,93.7,89.8,84.6,1562,1562,83.4,84.8,85.5,87.3
9:30:35,763,99.9,93.6,90.6,84.7,1562,1562,83.4,84.7,85.4,87.3
9:30:36,764,100,93.5,90.5,84.7,1562,1562,83.4,84.8,85.6,87.4
9:30:37,765,100.1,93.4,91.1,84.4,1562,1562,83.4,84.8,85.5,87.3
9:30:38,766,100.2,93.5,90.8,84.2,1562,1562,83.4,84.7,85.4,87.3
9:30:39,767,100.1,93.6,90.5,84.1,1562,1562,83.4,84.8,85.5,87.3
9:30:40,768,100.1,93.5,89.7,84.2,1562,1562,83.4,84.8,85.6,87.4
9:30:41,769,100.1,93.3,91.1,84.2,1562,1562,83.4,84.7,85.5,87.3
9:30:42,770,100.1,93.4,90.9,84,1562,1562,83.4,84.8,85.5,87.3
9:30:43,771,100,93.3,90.1,84,1562,1562,83.4,84.7,85.4,87.3
9:30:44,772,100.2,93.5,90.7,84.1,1562,1562,83.4,84.8,85.5,87.3
9:30:45,773,99.9,93.4,90.6,84.1,1562,1562,83.4,84.8,85.6,87.4
9:30:46,774,99.4,93.3,90.6,83.9,1562,1562,83.4,84.8,85.6,87.4
9:30:47,775,99.4,93.3,90.7,83.8,1562,1562,83.4,84.8,85.6,87.3
9:30:48,776,99.1,93.2,91,83.8,1562,1562,83.4,84.8,85.6,87.3
9:30:49,777,98.9,93.2,90.5,83.7,1562,1562,83.4,84.8,85.5,87.3
9:30:50,778,98.4,93.3,90.7,83.9,1562,1562,83.4,84.8,85.6,87.4
9:30:51,779,98.6,93.2,90.8,83.8,1562,1562,83.4,84.7,85.5,87.4
9:30:52,780,98.7,93.2,90.6,83.7,1562,1562,83.5,84.8,85.6,87.3
9:30:53,781,99,93.1,90.7,83.7,1562,1562,83.4,84.7,85.4,87.3
9:30:54,782,99.3,93.1,90.4,83.7,1562,1562,83.5,84.8,85.6,87.4
9:30:55,783,99.2,93,90.3,83.7,1562,1562,83.4,84.8,85.6,87.4
9:30:56,784,100,93,90,83.7,1562,1562,83.4,84.8,85.5,87.3
9:30:57,785,99.9,92.9,89.7,83.7,1562,1562,83.3,84.8,85.6,87.4
9:30:58,786,99.6,92.9,89.5,83.7,1562,1562,83.5,84.8,85.5,87.3
9:30:59,787,99.6,92.8,89.6,83.8,1562,1562,83.4,84.8,85.6,87.3
9:31:00,788,99.5,92.8,90.2,83.8,1562,1562,83.4,84.8,85.6,87.3
9:31:01,789,99.1,92.8,89.7,83.8,1562,1562,83.4,84.8,85.6,87.4
9:31:02,790,99.4,92.8,89.6,83.8,1562,1562,83.4,84.8,85.6,87.4
9:31:03,791,99.8,92.8,89.6,83.8,1562,1562,83.4,84.8,85.6,87.4
9:31:04,792,100.3,92.6,89.9,83.9,1562,1562,83.4,84.8,85.6,87.4
9:31:05,793,100.4,92.6,89.7,83.9,1562,1562,83.4,84.8,85.5,87.3
9:31:06,794,99.5,92.6,89.8,83.9,1562,1562,83.4,84.7,85.4,87.3
9:31:07,795,99.9,92.7,89.8,83.8,1562,1562,83.4,84.8,85.6,87.4
9:31:08,796,100.3,92.2,90.3,83.7,1562,1562,83.4,84.8,85.6,87.3
9:31:09,797,99.3,92.2,90.2,83.8,1562,1562,83.4,84.8,85.6,87.4
9:31:10,798,99.9,91.8,89.8,83.8,1562,1562,83.4,84.8,85.6,87.3
9:31:11,799,100.2,91.7,91.3,83.9,1562,1562,83.4,84.7,85.5,87.4
9:31:12,800,99.9,91.8,91.1,84,1562,1562,83.4,84.8,85.6,87.4
9:31:13,801,100.3,92.2,91.3,83.9,1562,1562,83.4,84.8,85.6,87.3
9:31:14,802,100.2,92.3,90.9,84.1,1562,1562,83.4,84.8,85.6,87.3
9:31:15,803,99.9,92.4,91.1,84.3,1562,1562,83.5,84.8,85.6,87.4
9:31:16,804,99.5,92.4,91.4,84.1,1562,1562,83.5,84.8,85.6,87.4
9:31:17,805,99.3,92.1,91.7,84.2,1562,1562,83.5,84.8,85.6,87.4
9:31:18,806,99.2,91.9,92,84.2,1562,1562,83.5,84.8,85.6,87.4
9:31:19,807,99.1,91.8,91.7,84.1,1562,1562,83.4,84.8,85.6,87.4
9:31:20,808,98.8,89,91.4,83.8,1562,1562,83.5,84.8,85.6,87.4
9:31:21,809,98.6,88.4,91.6,83.8,1562,1562,83.4,84.8,85.6,87.4
9:31:22,810,98.6,86.8,91.7,84,1562,1562,83.5,84.8,85.6,87.4
9:31:23,811,98.2,86.5,91.6,84.1,1562,1562,83.4,84.8,85.6,87.4
9:31:24,812,98,87.2,91.3,84,1562,1562,83.5,84.8,85.6,87.4
9:31:25,813,97.8,88,90.7,83.9,1562,1562,83.5,84.8,85.6,87.4
9:31:26,814,97.6,88.6,90.7,84,1562,1562,83.4,84.9,85.6,87.4
9:31:27,815,97.7,88.9,91.6,83.8,1562,1562,83.5,84.9,85.6,87.4
9:31:28,816,97.8,89.5,91.6,83.9,1562,1562,83.5,84.8,85.6,87.4
9:31:29,817,97.7,89.4,91.8,84.3,1562,1562,83.5,84.9,85.7,87.5
9:31:30,818,97.6,89.5,91.6,84.1,1562,1562,83.5,84.8,85.6,87.4
9:31:31,819,97.6,89.9,91.1,84,1562,1562,83.4,84.8,85.6,87.5
9:31:32,820,97.3,90.2,91.5,84.1,1562,1562,83.5,84.8,85.6,87.5
9:31:33,821,97.1,90.5,91.5,84.1,1562,1562,83.5,84.9,85.6,87.4
9:31:34,822,97.2,90.4,90.8,84.1,1562,1562,83.5,84.8,85.6,87.5
9:31:35,823,97.2,89,90.4,84.2,1562,1562,83.5,84.8,85.6,87.5
9:31:36,824,97.4,86,90.3,84.1,1562,1562,83.5,84.9,85.6,87.4
9:31:37,825,97.2,84.7,91.3,84.1,1562,1562,83.4,84.8,85.6,87.5
9:31:38,826,97.6,85.7,90.9,84.1,1562,1562,83.5,84.9,85.6,87.4
9:31:39,827,97.9,84.3,91.6,84,1562,1562,83.5,84.8,85.6,87.4
9:31:40,828,98.4,84.6,91.6,84.1,1562,1562,83.5,84.8,85.6,87.5
9:31:41,829,98.4,85.8,91.9,84,1562,1562,83.5,84.8,85.6,87.5
9:31:42,830,98.4,85.5,92.1,84,1562,1562,83.5,84.8,85.6,87.5
9:31:43,831,97.8,85.6,92.4,84.2,1562,1562,83.5,84.8,85.6,87.4
9:31:44,832,97.3,85.6,91.6,84.1,1562,1562,83.6,84.8,85.6,87.5
9:31:45,833,97.3,88,91.2,84.2,1562,1562,83.4,84.9,85.6,87.4
9:31:46,834,97.2,89,91.5,84.2,1562,1562,83.5,84.9,85.6,87.4
9:31:47,835,97,87.6,91.4,84.1,1562,1562,83.5,84.9,85.7,87.5
9:31:48,836,96.9,86.2,91.1,84.3,1562,1562,83.5,84.9,85.7,87.5
9:31:49,837,96.4,86.7,91,84.9,1562,1562,83.4,84.8,85.6,87.5
9:31:50,838,95.7,87.7,90.6,85.5,1562,1562,83.5,84.8,85.6,87.5
9:31:51,839,95.6,87.7,90.5,85.6,1562,1562,83.5,84.8,85.6,87.5
9:31:52,840,95.7,87.8,90.4,85.4,1562,1562,83.5,84.9,85.7,87.5
9:31:53,841,95.7,87.3,90.1,85.4,1562,1562,83.5,84.8,85.6,87.5
9:31:54,842,95.8,86.1,90.3,85.5,1562,1562,83.5,84.8,85.6,87.5
9:31:55,843,95.8,86.1,90.2,85.7,1562,1562,83.5,84.8,85.6,87.5
9:31:56,844,95.7,86.2,90.2,85.8,1562,1562,83.5,84.9,85.7,87.5
9:31:57,845,95.5,86.9,90.1,85.8,1562,1562,83.5,84.9,85.7,87.5
9:31:58,846,95.4,87.7,90,85.8,1562,1562,83.5,84.9,85.6,87.4
9:31:59,847,95.3,87.9,89.9,85.6,1562,1562,83.5,84.9,85.6,87.5
9:32:00,848,95.3,87.7,90,85.6,1562,1562,83.5,84.9,85.7,87.5
9:32:01,849,95.2,87.5,89.9,85.7,1562,1562,83.5,84.9,85.7,87.5
9:32:02,850,95.1,87.3,89.9,85.7,1562,1562,83.5,84.8,85.7,87.6
9:32:03,851,95.2,87.1,89.8,85.7,1562,1562,83.5,84.8,85.6,87.5
9:32:04,852,95.2,85.6,89.7,85.6,1562,1562,83.5,84.9,85.7,87.5
9:32:05,853,95.2,84.1,89.6,85.6,1562,1562,83.6,84.9,85.7,87.5
9:32:06,854,95.2,83.5,89.7,85.6,1562,1562,83.6,84.9,85.7,87.5
9:32:07,855,95.3,81.6,89.7,85.8,1562,1562,83.5,84.9,85.7,87.5
9:32:08,856,95.2,81.1,89.5,85.8,1562,1562,83.5,84.9,85.7,87.5
9:32:09,857,95.1,82,89.6,85.8,1562,1562,83.5,84.9,85.6,87.5
9:32:10,858,94.7,83.6,89.6,85.6,1562,1562,83.5,84.9,85.7,87.5
9:32:11,859,94.5,83.8,89.4,85.4,1562,1562,83.5,84.8,85.6,87.5
9:32:12,860,94.4,83.8,89.4,85.4,1562,1562,83.6,84.8,85.7,87.6
9:32:13,861,93.5,83.6,89.2,85.3,1562,1562,83.5,84.9,85.7,87.5
9:32:14,862,93.4,83.5,89.3,85.5,1562,1562,83.6,84.9,85.7,87.6
9:32:15,863,93.7,83.5,89.2,85.6,1562,1562,83.5,84.9,85.7,87.5
9:32:16,864,93.5,84.1,89.2,86,1562,1562,83.5,84.9,85.7,87.6
9:32:17,865,93.6,84.8,89.3,86,1562,1562,83.5,84.9,85.7,87.5
9:32:18,866,93.2,85.3,89.6,86.1,1562,1562,83.5,84.9,85.7,87.6
9:32:19,867,93.1,85.3,89.6,86.1,1562,1562,83.5,84.9,85.7,87.6
9:32:20,868,92.9,85,89.6,86.1,1562,1562,83.6,84.9,85.7,87.5
9:32:21,869,92.8,84.9,89.6,86.2,1562,1562,83.6,84.8,85.6,87.5
9:32:22,870,92.6,85,89.7,86.1,1562,1562,83.5,84.9,85.7,87.5
9:32:23,871,92.9,85.6,89.5,86.1,1562,1562,83.6,84.9,85.7,87.5
9:32:24,872,92.4,86.5,89.2,86.1,1562,1562,83.5,84.9,85.7,87.5
9:32:25,873,92.6,86,89.3,86.1,1562,1562,83.6,84.9,85.7,87.6
9:32:26,874,93,85.4,89.4,86.1,1562,1562,83.5,84.9,85.7,87.5
9:32:27,875,92.6,85.6,89.3,86.1,1562,1562,83.5,84.9,85.7,87.5
9:32:28,876,92.6,85.3,89.1,86.1,1562,1562,83.5,84.9,85.7,87.5
9:32:29,877,92.4,85.4,89.2,86.1,1562,1562,83.6,84.9,85.7,87.6
9:32:30,878,92.6,85.4,89.2,86.1,1562,1562,83.6,84.9,85.7,87.6
9:32:31,879,92.7,85.6,89.2,86.1,1562,1562,83.6,84.9,85.7,87.5
9:32:32,880,92.7,85.6,89.3,86.1,1562,1562,83.5,84.9,85.7,87.5
9:32:33,881,93,85.6,89.4,85.3,1562,1562,83.6,84.9,85.7,87.5
9:32:34,882,92.8,85.7,89.3,85,1562,1562,83.6,84.9,85.7,87.6
9:32:35,883,92.5,85.7,89.2,85,1562,1562,83.5,84.8,85.6,87.6
9:32:36,884,92.6,85.6,88.9,85.1,1562,1562,83.6,84.9,85.7,87.5
9:32:37,885,92.3,85.5,88.9,85.1,1562,1562,83.6,84.9,85.7,87.5
9:32:38,886,92.2,85.5,88.8,85,1562,1562,83.6,84.9,85.7,87.5
9:32:39,887,92.3,85.4,88.9,84.8,1562,1562,83.5,84.9,85.7,87.6
9:32:40,888,92.2,85.3,89.2,84.8,1562,1562,83.6,85,85.7,87.6
9:32:41,889,92.1,84.8,89.3,84.7,1562,1562,83.5,84.9,85.7,87.6
9:32:42,890,92,84.6,88.8,84.5,1562,1562,83.5,84.9,85.7,87.6
9:32:43,891,91.8,84.7,89,84.6,1562,1562,83.6,84.9,85.7,87.6
9:32:44,892,91.8,84.6,88.9,84.6,1562,1562,83.6,84.9,85.7,87.6
9:32:45,893,91.5,84.5,88.8,84.5,1562,1562,83.6,84.8,85.6,87.5
9:32:46,894,91.4,84.3,88.9,84.6,1562,1562,83.6,85,85.8,87.6
9:32:47,895,91.2,81.3,88.7,84.5,1562,1562,83.6,84.9,85.7,87.6
9:32:48,896,91.6,80.5,88.2,84.5,1562,1562,83.6,84.9,85.7,87.6
9:32:49,897,91.7,80.9,88.5,84.7,1562,1562,83.6,85,85.7,87.6
9:32:50,898,91.6,81.5,88.7,84.6,1562,1562,83.5,84.9,85.7,87.6
9:32:51,899,91.2,80.5,88.2,84.7,1562,1562,83.6,84.9,85.7,87.6
9:32:52,900,90.5,81,87.9,84.4,1562,1562,83.6,85,85.8,87.6
9:32:53,901,90.5,82,87.9,84.4,1562,1562,83.6,84.9,85.7,87.6
9:32:54,902,90.6,84,87.9,84.3,1562,1562,83.6,85,85.7,87.6
9:32:55,903,90.9,83.9,88.1,84.4,1562,1562,83.5,84.9,85.7,87.5
9:32:56,904,90.9,84.1,88.2,84.2,1562,1562,83.6,85,85.8,87.6
9:32:57,905,91.4,85.5,88,84.3,1562,1562,83.6,84.9,85.7,87.5
9:32:58,906,91.8,85.9,88.1,84.4,1562,1562,83.5,84.9,85.7,87.5
9:32:59,907,91.9,86.1,87.9,84.3,1562,1562,83.6,84.9,85.7,87.6
9:33:00,908,92,86.1,87.7,84.1,1562,1562,83.6,84.9,85.7,87.6
9:33:01,909,91.8,86.2,87.9,84.3,1562,1562,83.6,84.9,85.7,87.6
9:33:02,910,92,86.2,87.5,84.5,1562,1562,83.6,84.9,85.7,87.6
9:33:03,911,91.9,86,87.3,84.3,1562,1562,83.6,84.9,85.7,87.6
9:33:04,912,91.8,85.7,87.3,84.3,1562,1562,83.6,85,85.8,87.6
9:33:05,913,91.5,85.2,87.3,84.4,1562,1562,83.6,84.9,85.7,87.6
9:33:06,914,91.2,85.1,87.3,84.5,1562,1562,83.6,84.9,85.7,87.6
9:33:07,915,90.6,84.8,87.3,84.5,1562,1562,83.6,84.9,85.7,87.5
9:33:08,916,90.5,84.6,87.2,84.8,1562,1562,83.6,84.9,85.7,87.6
9:33:09,917,90.1,84.6,87.4,84.9,1562,1562,83.6,85,85.8,87.6
9:33:10,918,89.9,84.3,87.4,84.9,1562,1562,83.6,84.9,85.7,87.6
9:33:11,919,89.8,83.7,87.3,84.9,1562,1562,83.6,84.9,85.7,87.6
9:33:12,920,90,83.5,87.2,85,1562,1562,83.6,85,85.7,87.6
9:33:13,921,90.3,83.3,87.3,84.9,1562,1562,83.6,84.9,85.7,87.6
9:33:14,922,90.1,82.9,87.3,84.6,1562,1562,83.6,84.9,85.7,87.6
9:33:15,923,90.2,83.2,87.2,84.6,1562,1562,83.6,84.9,85.7,87.6
9:33:16,924,90.6,83,87.2,84.4,1562,1562,83.6,85,85.8,87.6
9:33:17,925,91.1,82.4,87.1,84.1,1562,1562,83.6,85,85.8,87.6
9:33:18,926,91.1,82.9,87.5,84.1,1562,1562,83.6,85,85.8,87.6
9:33:19,927,91.2,83,87.5,84.1,1562,1562,83.6,85,85.8,87.6
9:33:20,928,91,83.1,87.3,84.2,1562,1562,83.8,85,85.8,87.6
9:33:21,929,91.2,83,87.2,84.2,1562,1562,83.6,84.9,85.8,87.7
9:33:22,930,91.2,83.3,86.3,84.2,1562,1562,83.8,85,85.8,87.6
9:33:23,931,91.2,83.5,86.3,84.3,1562,1562,83.6,85,85.8,87.7
9:33:24,932,90.9,83.5,86.3,84.3,1562,1562,83.6,85,85.8,87.7
9:33:25,933,90.9,83.6,86.3,83.9,1562,1562,83.6,84.9,85.8,87.7
9:33:26,934,90.9,83.4,86.1,83.8,1562,1562,83.8,84.9,85.7,87.6
9:33:27,935,90.8,83.4,85.9,83.8,1562,1562,83.6,85,85.8,87.7
9:33:28,936,91.1,83.2,85.4,83.8,1562,1562,83.8,84.9,85.8,87.6
9:33:29,937,91.2,82.3,85.4,83.6,1562,1562,83.8,84.9,85.8,87.7
9:33:30,938,91,81.5,85.3,83.4,1562,1562,83.6,85,85.8,87.7
9:33:31,939,90.9,81.3,85.3,83.3,1562,1562,83.8,84.9,85.7,87.6
9:33:32,940,90.6,81.4,85.6,83.2,1562,1562,83.6,85,85.8,87.7
9:33:33,941,90.6,81.6,85.9,83.4,1562,1562,83.8,84.9,85.7,87.7
9:33:34,942,90.3,82.4,86,83.4,1562,1562,83.8,84.9,85.8,87.7
9:33:35,943,90.2,83.5,85.9,83.4,1562,1562,83.8,85,85.8,87.6
9:33:36,944,89.9,83.6,85.8,83.4,1562,1562,83.6,85,85.8,87.6
9:33:37,945,89.9,83.8,85.9,83.4,1562,1562,83.8,85.1,85.8,87.6
9:33:38,946,89.6,83.9,85.8,83.4,1562,1562,83.8,85,85.8,87.6
9:33:39,947,89.7,83.2,85.9,83.3,1562,1562,83.8,85,85.8,87.6
9:33:40,948,89.6,82.5,85.9,83.3,1562,1562,83.8,85,85.8,87.6
9:33:41,949,89.5,82.2,85.9,83.3,1562,1562,83.8,85,85.8,87.6
9:33:42,950,89.3,81.9,85.9,83.3,1562,1562,83.8,85,85.8,87.7
9:33:43,951,89.1,81.4,86,83.7,1562,1562,83.6,85,85.8,87.6
9:33:44,952,89.1,81.2,86.1,83.8,1562,1562,83.8,85,85.8,87.6
9:33:45,953,89.1,80.3,86,83.8,1562,1562,83.8,85,85.8,87.7
9:33:46,954,88.8,80.3,85.9,83.7,1562,1562,83.8,85,85.8,87.7
9:33:47,955,88.7,80.6,85.8,83.4,1562,1562,83.6,85,85.8,87.7
9:33:48,956,88.9,80.7,85.7,83.6,1562,1562,83.6,85,85.8,87.7
9:33:49,957,88.8,80.4,85.7,83.5,1562,1562,83.8,85,85.8,87.6
9:33:50,958,88.8,80.6,85.6,83.5,1562,1562,83.8,85,85.8,87.7
9:33:51,959,89,81.2,85.6,83.2,1562,1562,83.8,85,85.8,87.7
9:33:52,960,89.1,81.8,85.6,83.1,1562,1562,83.8,85.1,85.8,87.7
9:33:53,961,89.4,82.1,85.5,83.1,1562,1562,83.8,85,85.8,87.7
9:33:54,962,89.5,82.4,85.6,83.2,1562,1562,83.8,85,85.8,87.7
9:33:55,963,89.5,82.7,85.6,83.3,1562,1562,83.8,85,85.8,87.7
9:33:56,964,89.6,82.8,85.5,83.4,1562,1562,83.8,85,85.8,87.7
9:33:57,965,89.8,82.7,85.6,83.2,1562,1562,83.8,85.1,85.9,87.7
9:33:58,966,89.8,82.9,85.5,83.3,1562,1562,83.8,85,85.8,87.6
9:33:59,967,89.6,83,85.5,83.3,1562,1562,83.8,85,85.8,87.7
9:34:00,968,89.6,82.7,85.6,83.1,1562,1562,83.8,85,85.8,87.7
9:34:01,969,89.5,82.4,85.5,83,1562,1562,83.8,85,85.8,87.7
9:34:02,970,89.6,82.5,85.4,83.4,1562,1562,83.6,85.1,85.9,87.7
9:34:03,971,89.7,82.4,85.4,83.6,1562,1562,83.6,85,85.8,87.7
9:34:04,972,89.7,82.7,85.2,83.8,1562,1562,83.8,85.1,85.9,87.7
9:34:05,973,89.6,82.8,85.5,83.9,1562,1562,83.8,85,85.8,87.6
9:34:06,974,89.6,82.6,85.5,84.1,1562,1562,83.6,85,85.8,87.7
9:34:07,975,89.7,82.5,85.5,84,1562,1562,83.8,84.9,85.7,87.6
9:34:08,976,89.6,82.1,85.3,84,1562,1562,83.8,85,85.8,87.7
9:34:09,977,89.4,82.3,85.2,84.1,1562,1562,83.8,85.1,85.9,87.7
9:34:10,978,89.4,82.4,85.3,84,1562,1562,83.8,85,85.8,87.7
9:34:11,979,89.3,82.5,85.1,84,1562,1562,83.8,85.1,85.9,87.7
9:34:12,980,89.4,82.3,85.1,84,1562,1562,83.8,85,85.8,87.7
9:34:13,981,89.5,82.6,85.1,84.1,1562,1562,83.8,85.1,85.9,87.7
9:34:14,982,89,83,85.2,84.1,1562,1562,83.8,85,85.8,87.6
9:34:15,983,89,83,85.3,84.3,1562,1562,83.8,85,85.9,87.8
9:34:16,984,89,83.3,85.2,84.5,1562,1562,83.6,85,85.8,87.7
9:34:17,985,88.6,83.1,85.1,84.5,1562,1562,83.8,85.1,85.9,87.7
9:34:18,986,88.4,83.3,84.9,84.4,1562,1562,83.8,85,85.8,87.7
9:34:19,987,88.3,83.4,84.9,84.2,1562,1562,83.8,85.1,85.9,87.7
9:34:20,988,88.3,83.4,84.9,83.4,1562,1562,83.8,85,85.8,87.7
9:34:21,989,88.1,83.1,84.8,83.2,1562,1562,83.8,85.1,85.9,87.7
9:34:22,990,88,82.8,84.8,83.3,1562,1562,83.9,85,85.8,87.7
9:34:23,991,87.9,82.8,84.7,83.2,1562,1562,83.8,85,85.9,87.8
9:34:24,992,87.4,82.6,84.7,83,1562,1562,83.9,85.1,85.9,87.7
9:34:25,993,87,82.4,84.7,82.9,1562,1562,83.8,85.1,85.9,87.7
9:34:26,994,86.9,82.3,84.6,82.9,1562,1562,83.8,85,85.8,87.7
9:34:27,995,87,82.4,84.5,82.9,1562,1562,83.9,85.1,85.9,87.7
9:34:28,996,86.7,82.1,84.6,82.8,1562,1562,83.8,85,85.8,87.7
9:34:29,997,86.6,81.9,84.6,82.8,1562,1562,83.8,85.1,85.9,87.7
9:34:30,998,86.3,81.9,84.6,82.8,1562,1562,83.8,85,85.8,87.7
9:34:31,999,86,81.9,84.5,82.8,1562,1562,83.9,85,85.9,87.8
9:34:32,1000,85.9,82.1,84.5,82.8,1562,1562,83.9,85.1,85.9,87.7
9:34:33,1001,85.8,82.1,84.4,82.9,1562,1562,83.8,85.1,85.9,87.8
9:34:34,1002,85.7,82.3,84.4,82.9,1562,1562,83.8,85.1,85.9,87.7
9:34:35,1003,86,82.4,84.3,82.8,1562,1562,83.8,85,85.8,87.7
9:34:36,1004,85.9,82.2,84.5,82.8,1562,1562,83.9,85,85.8,87.7
9:34:37,1005,85.9,82.2,84.4,82.9,1562,1562,83.8,85,85.8,87.7
9:34:38,1006,85.7,82.4,84.3,82.9,1562,1562,83.8,85,85.8,87.8
9:34:39,1007,85.7,82.3,84.3,83,1562,1562,83.9,85,85.8,87.7
9:34:40,1008,85.8,81.8,84.3,83,1562,1562,83.8,85,85.8,87.8
9:34:41,1009,85.6,81.8,84.2,82.9,1562,1562,83.8,85.1,85.9,87.7
9:34:42,1010,85.5,81.8,84.1,82.8,1562,1562,83.9,85.1,85.9,87.8
9:34:43,1011,85.6,81.8,84.1,82.8,1562,1562,83.8,85.1,85.9,87.8
9:34:44,1012,85.3,81.8,84.2,82.8,1562,1562,83.8,85.1,85.9,87.7
9:34:45,1013,84.8,81.7,84.2,83,1562,1562,83.8,85.1,85.9,87.8
9:34:46,1014,84.5,81.7,84.2,82.7,1562,1562,83.8,85.1,85.9,87.8
9:34:47,1015,83.9,81.5,84.3,82.5,1562,1562,83.9,85.1,85.9,87.7
9:34:48,1016,83.9,81.5,84.2,82.4,1562,1562,83.9,85.1,85.9,87.7
9:34:49,1017,83.5,81.4,84.2,82.4,1562,1562,83.9,85,85.8,87.7
9:34:50,1018,83.2,81.4,84.3,82.4,1562,1562,83.9,85.1,85.9,87.8
9:34:51,1019,83.1,81.5,84.2,82.3,1562,1562,83.9,85.1,85.9,87.8
9:34:52,1020,83.3,81.5,84.2,82.3,1562,1562,83.9,85.2,86,87.9
9:34:53,1021,83,81.5,84.1,82.3,1562,1562,83.9,85.1,85.9,87.9
9:34:54,1022,83.3,81.7,84.2,82.2,1562,1562,83.9,85.1,85.9,87.8
9:34:55,1023,83.1,81.6,84.1,82.2,1562,1562,83.8,85.1,85.9,87.9
9:34:56,1024,83,81.5,84.1,82.2,1562,1562,83.9,85.1,85.9,87.8
9:34:57,1025,83.3,81.4,84,82.3,1562,1562,83.9,85.2,86,87.9
9:34:58,1026,83.4,81.2,84,82.2,1562,1562,83.9,85.1,85.9,87.8
9:34:59,1027,82.9,81.2,84,82.2,1562,1562,83.8,85.1,85.9,87.7
9:35:00,1028,83,81.1,84,82.1,1562,1562,83.9,85.1,85.9,87.9
9:35:01,1029,83.1,81,83.9,82,1562,1562,83.9,85.1,85.9,87.9
9:35:02,1030,83,81,83.9,81.9,1562,1562,83.9,85.1,85.9,87.8
9:35:03,1031,83.1,81,83.8,81.8,1562,1562,83.9,85.1,85.9,87.9
9:35:04,1032,82.9,81,83.9,81.7,1562,1562,83.9,85.1,85.9,87.8
9:35:05,1033,83.2,81,83.9,81.7,1562,1562,83.9,85.1,85.9,87.9
9:35:06,1034,83.1,81,83.9,81.7,1562,1562,83.9,85.1,85.9,87.9
9:35:07,1035,83,81,83.9,81.9,1562,1562,83.9,85.1,85.9,87.9
9:35:08,1036,82.8,81,83.9,81.9,1562,1562,83.9,85.1,85.9,87.8
9:35:09,1037,82.7,81,83.8,81.7,1562,1562,83.9,85.1,85.9,87.9
9:35:10,1038,82.6,81.1,83.8,81.8,1562,1562,83.9,85.1,85.9,87.9
9:35:11,1039,82.4,81,83.7,82,1562,1562,83.9,85.1,85.9,87.9
9:35:12,1040,82.4,81.1,83.7,81.9,1562,1562,83.9,85.1,85.9,87.8
9:35:13,1041,82.2,81.3,83.7,82,1562,1562,83.9,85.1,85.9,87.9
9:35:14,1042,82.1,81.4,83.7,82,1562,1562,83.8,85.1,86,87.9
9:35:15,1043,82.1,81.3,83.8,81.7,1562,1562,83.9,85.1,85.9,87.7
9:35:16,1044,82.2,81.3,83.7,81.6,1562,1562,83.9,85.1,85.9,87.9
9:35:17,1045,82.1,81.3,83.8,81.5,1562,1562,83.9,85.2,86,87.9
9:35:18,1046,82.1,81.5,83.8,81.4,1562,1562,83.9,85.2,85.9,87.8
9:35:19,1047,81.9,81.4,83.8,81.4,1562,1562,83.9,85.1,85.9,87.9
9:35:20,1048,81.9,81.6,83.7,81.4,1562,1562,83.9,85.1,85.9,87.9
9:35:21,1049,82.1,81.3,83.6,81.5,1562,1562,83.9,85.1,85.9,87.9
9:35:22,1050,82.3,81.6,83.6,81.5,1562,1562,83.9,85.2,86,87.9
9:35:23,1051,81.9,81.5,83.5,81.5,1562,1562,83.9,85.1,85.9,87.9
9:35:24,1052,81.9,81.5,83.4,81.4,1562,1562,83.9,85.1,85.9,87.9
9:35:25,1053,82,81,83.3,81.3,1562,1562,83.9,85.1,85.9,87.8
9:35:26,1054,82.1,80.9,83.3,81.3,1562,1562,83.9,85.1,85.9,87.9
9:35:27,1055,82.1,80.8,83.5,81.2,1562,1562,83.9,85.1,85.9,87.9
9:35:28,1056,82.9,80.9,83.4,81.2,1562,1562,84,85.2,86,87.9
9:35:29,1057,82.8,80.8,83.2,81,1562,1562,83.9,85.2,86,87.9
9:35:30,1058,82.7,80.8,83.2,81.1,1562,1562,84,85.1,85.9,87.9
9:35:31,1059,82.5,80.9,83.2,81.1,1562,1562,83.9,85.1,85.9,87.8
9:35:32,1060,82.5,80.9,83,81,1562,1562,83.9,85.1,85.9,87.9
9:35:33,1061,82.7,80.9,83,81.2,1562,1562,83.9,85.2,86,87.9
9:35:34,1062,82.7,80.8,82.9,81.1,1562,1562,83.9,85.2,86,87.9
9:35:35,1063,83.3,80.8,82.9,81.1,1562,1562,84,85.1,85.9,87.9
9:35:36,1064,83.2,80.9,83,81.2,1562,1562,84,85.2,86,87.9
9:35:37,1065,83.1,80.9,82.9,81,1562,1562,84,85.1,85.9,87.8
9:35:38,1066,83,81,83.1,81.1,1562,1562,84,85.2,86,87.9
9:35:39,1067,83,80.9,83.1,81,1562,1562,83.9,85.1,85.9,87.9
9:35:40,1068,83,80.9,83.1,81.1,1562,1562,83.9,85.1,85.9,87.9
9:35:41,1069,83,81,83.1,81,1562,1562,83.9,85.2,86.1,87.9
9:35:42,1070,83.2,81,83.2,81,1562,1562,83.9,85.1,86,87.9
9:35:43,1071,83.4,81,83.3,80.9,1562,1562,83.9,85.2,86.1,87.9
9:35:44,1072,83.4,81,83.3,80.8,1562,1562,84,85.1,85.9,87.9
9:35:45,1073,83.6,80.9,83.4,80.9,1562,1562,84,85.1,85.9,87.9
9:35:46,1074,83.5,81.1,83.2,80.8,1562,1562,84,85.2,86,87.9
9:35:47,1075,83.7,81,83.2,80.8,1562,1562,84,85.1,86,87.9
9:35:48,1076,83.6,80.6,83.1,80.7,1562,1562,84,85.2,86,87.9
9:35:49,1077,83.7,80.2,83,80.8,1562,1562,84,85.2,86,87.9
9:35:50,1078,83.9,80,82.9,80.7,1562,1562,83.9,85.1,85.9,87.9
9:35:51,1079,83.8,79.9,82.9,80.9,1562,1562,83.9,85.2,86,87.9
9:35:52,1080,83.8,80.1,82.8,80.8,1562,1562,83.9,85.2,86,87.9
9:35:53,1081,84.1,80.3,82.8,80.8,1562,1562,83.9,85.2,86,87.9
9:35:54,1082,84.4,80.8,82.7,80.7,1562,1562,84,85.2,86,87.9
9:35:55,1083,84.5,80.9,82.6,80.8,1562,1562,84,85.2,86,87.9
9:35:56,1084,84.6,81,82.4,81,1562,1562,83.9,85.2,86,87.9
9:35:57,1085,84.8,80.9,82.4,81,1562,1562,83.9,85.2,86.1,88
9:35:58,1086,84.8,80.7,82.6,81,1562,1562,83.9,85.2,86,87.9
9:35:59,1087,84.7,80.5,83,80.9,1562,1562,84,85.2,86.1,88
9:36:00,1088,84.8,80.2,83,80.8,1562,1562,84,85.1,86,88
9:36:01,1089,84.8,80.1,83.2,80.7,1562,1562,84,85.2,86,87.9
9:36:02,1090,84.7,80.2,83.3,80.8,1562,1562,84,85.2,86,87.9
9:36:03,1091,84.8,80.3,83.2,80.7,1562,1562,84,85.2,86.1,88
9:36:04,1092,84.9,80.2,83.3,80.9,1562,1562,83.9,85.2,86.1,88
9:36:05,1093,85.1,80.6,83.1,80.7,1562,1562,84,85.2,86,87.9
9:36:06,1094,85.2,80.7,83.1,80.8,1562,1562,84,85.2,86,87.9
9:36:07,1095,85.2,80.8,83.1,80.8,1562,1562,84,85.2,86,87.9
9:36:08,1096,84.7,80.8,83,80.8,1562,1562,84,85.2,86.1,88
9:36:09,1097,84.7,80.9,82.9,80.7,1562,1562,84,85.2,86.1,88
9:36:10,1098,84.7,80.9,82.9,80.8,1562,1562,84,85.2,86,87.9
9:36:11,1099,84.7,80.9,83,80.7,1562,1562,84,85.2,86.1,88
9:36:12,1100,84.9,80.8,83.3,80.7,1562,1562,84,85.3,86.1,88
9:36:13,1101,84.9,80.8,83.2,80.8,1562,1562,84.1,85.2,86.1,88
9:36:14,1102,85,80.8,83.2,80.7,1562,1562,84,85.2,86.1,88
9:36:15,1103,85,80.4,83.3,80.6,1562,1562,84,85.2,86.1,88
9:36:16,1104,85,80.4,83.2,80.6,1562,1562,84,85.2,86.1,87.9
9:36:17,1105,84.9,80.3,83,80.6,1562,1562,84,85.2,86.1,88
9:36:18,1106,84.9,80.2,83.1,80.6,1562,1562,84,85.2,86.1,88
9:36:19,1107,84.9,80.3,82.8,80.6,1562,1562,84,85.2,86.1,87.9
9:36:20,1108,84.5,80.6,82.7,80.7,1562,1562,84,85.2,86.1,88
9:36:21,1109,84.8,80.2,82.7,80.6,1562,1562,84,85.2,86.1,88
9:36:22,1110,85,80.4,82.6,80.6,1562,1562,84,85.2,86.1,88
9:36:23,1111,84.9,80.3,82.6,80.6,1562,1562,84.1,85.2,86.1,88
9:36:24,1112,84.9,80.4,82.5,80.6,1562,1562,84,85.3,86.1,87.9
9:36:25,1113,84.6,80.7,82.6,80.5,1562,1562,84,85.2,86.1,88
9:36:26,1114,84.8,80.8,82.3,80.5,1562,1562,84,85.2,86.1,88
9:36:27,1115,84.8,80.9,82.3,80.7,1562,1562,84,85.2,86.1,88
9:36:28,1116,84.9,81.3,82.4,80.7,1562,1562,84,85.3,86.1,88
9:36:29,1117,85,81.2,82.5,80.7,1562,1562,84,85.2,86.1,88
9:36:30,1118,84.8,81.2,82.7,80.8,1562,1562,84,85.3,86.1,88
9:36:31,1119,84.8,81.4,82.7,80.8,1562,1562,84,85.2,86.1,88
9:36:32,1120,84.7,81.8,82.8,80.8,1562,1562,84.1,85.2,86.1,88
9:36:33,1121,84.7,81.9,82.7,80.8,1562,1562,84,85.3,86.1,88
9:36:34,1122,84.8,81.7,82.7,80.9,1562,1562,84,85.2,86.1,88
9:36:35,1123,84.7,81.4,82.8,81,1562,1562,84,85.2,86.1,88
9:36:36,1124,84.6,81.4,82.8,81,1562,1562,84,85.2,86.1,88
9:36:37,1125,84.8,81.3,82.9,81,1562,1562,84,85.2,86.1,88
9:36:38,1126,85,81.4,82.8,81,1562,1562,84.1,85.3,86.1,88
9:36:39,1127,84.8,81.2,82.8,80.9,1562,1562,84,85.2,86.1,88
9:36:40,1128,84.7,81.3,82.8,80.9,1562,1562,84.1,85.2,86.1,88
9:36:41,1129,84.7,81,82.8,81,1562,1562,84,85.3,86.1,88
9:36:42,1130,84.7,81,82.7,80.9,1562,1562,84,85.2,86.1,88
9:36:43,1131,84.7,80.9,82.7,80.9,1562,1562,84,85.2,86.1,88
9:36:44,1132,84.6,80.7,82.6,80.9,1562,1562,84,85.2,86.1,88
9:36:45,1133,84.7,79.8,82.6,81,1562,1562,84,85.3,86.2,88
9:36:46,1134,84.7,79.7,82.6,80.9,1562,1562,84,85.3,86.2,88
9:36:47,1135,84.7,79.1,82.7,80.8,1562,1562,84,85.3,86.1,88
9:36:48,1136,84.8,79.4,82.7,80.8,1562,1562,84,85.3,86.1,88
9:36:49,1137,84.8,79.1,82.7,80.9,1562,1562,84,85.3,86.1,88
9:36:50,1138,84.8,79.6,82.7,80.9,1562,1562,84.1,85.3,86.1,88
9:36:51,1139,84.9,80,82.7,81,1562,1562,84,85.3,86.1,88
9:36:52,1140,85,80.1,82.6,80.9,1562,1562,84,85.3,86.2,88
9:36:53,1141,85.1,80.2,82.5,81,1562,1562,84,85.3,86.2,88.1
9:36:54,1142,85.2,80.6,82.4,81.1,1562,1562,84,85.2,86.1,88
9:36:55,1143,85.4,81.4,82.5,81,1562,1562,84.1,85.3,86.2,88
9:36:56,1144,85.4,80.2,82.5,81.1,1562,1562,84,85.3,86.1,88
9:36:57,1145,85.3,79.5,82.3,81.1,1562,1562,84,85.3,86.1,88
9:36:58,1146,85.4,79.7,82.1,81.1,1562,1562,84,85.3,86.1,88
9:36:59,1147,85.4,80.1,82.1,81.2,1562,1562,84.1,85.4,86.2,88.1
9:37:00,1148,85.4,80.5,82,81.2,1562,1562,84,85.3,86.1,88
9:37:01,1149,85.4,80.8,81.8,81.2,1562,1562,84,85.2,86.1,88
9:37:02,1150,85.3,81.3,81.9,81.2,1562,1562,84.1,85.3,86.2,88.1
9:37:03,1151,85.4,81.2,81.9,81.2,1562,1562,84,85.3,86.1,88
9:37:04,1152,85.3,81.3,81.9,81.1,1562,1562,84.1,85.3,86.2,88
9:37:05,1153,85.5,81.7,82,81,1562,1562,84.1,85.3,86.2,88.1
9:37:06,1154,85.5,81.8,81.9,81,1562,1562,84.1,85.3,86.1,88
9:37:07,1155,85.4,81.8,81.9,81,1562,1562,84.1,85.3,86.1,88
9:37:08,1156,85.4,81.6,81.9,81,1562,1562,84.1,85.2,86.1,88.1
9:37:09,1157,85.3,81.7,82.2,81,1562,1562,84,85.3,86.2,88
9:37:10,1158,85.3,81.7,82.1,81.1,1562,1562,84.1,85.2,86.1,88
9:37:11,1159,85.1,81.5,82.1,81,1562,1562,84,85.2,86.1,88
9:37:12,1160,85,81.5,82.1,81,1562,1562,84.1,85.3,86.1,88
9:37:13,1161,85.1,81.4,82,81,1562,1562,84.1,85.3,86.2,88.1
9:37:14,1162,85,81.2,82,80.9,1562,1562,84,85.3,86.1,88
9:37:15,1163,84.9,81.3,82.1,81,1562,1562,84.1,85.2,86.1,88.1
9:37:16,1164,84.9,81.2,81.9,81,1562,1562,84.1,85.3,86.1,88
9:37:17,1165,84.8,81.3,82.1,81,1562,1562,84.1,85.3,86.2,88
9:37:18,1166,84.9,81,82,81,1562,1562,84.1,85.3,86.1,88
9:37:19,1167,84.8,81,82,81,1562,1562,84.1,85.3,86.2,88.1
9:37:20,1168,85,80.9,82,81,1562,1562,84.1,85.3,86.2,88.1
9:37:21,1169,85,80.8,82.1,81,1562,1562,84.1,85.3,86.2,88.1
9:37:22,1170,85,80.7,82,81.1,1562,1562,84.1,85.3,86.1,88
9:37:23,1171,85.2,80.8,82,81.1,1562,1562,84.1,85.3,86.2,88.1
9:37:24,1172,85.1,81,82,81,1562,1562,84.1,85.3,86.2,88.1
9:37:25,1173,85.2,81.2,82.1,81,1562,1562,84.1,85.3,86.2,88.1
9:37:26,1174,85.1,81.1,82.3,81,1562,1562,84.1,85.3,86.2,88
9:37:27,1175,85,81.1,82.3,81,1562,1562,84,85.3,86.2,88
9:37:28,1176,85,81,82.4,81,1562,1562,84.1,85.3,86.2,88.1
9:37:29,1177,85,81,82.5,81,1562,1562,84.1,85.3,86.2,88.1
9:37:30,1178,84.9,80.9,82.4,81,1562,1562,84.1,85.3,86.1,88
9:37:31,1179,84.9,81,82.4,81,1562,1562,84.1,85.3,86.2,88.1
9:37:32,1180,85,81,82.3,81,1562,1562,84.1,85.3,86.2,88.1
9:37:33,1181,85,81,82.2,81.1,1562,1562,84.2,85.3,86.1,88
9:37:34,1182,85.1,81,82.2,81.1,1562,1562,84.1,85.3,86.2,88
9:37:35,1183,85.2,80.9,82.3,81.2,1562,1562,84,85.3,86.2,88.1
9:37:36,1184,85.2,80.9,82.5,81.1,1562,1562,84.1,85.3,86.2,88.1
9:37:37,1185,85,80.9,82.5,81,1562,1562,84.1,85.3,86.2,88.1
9:37:38,1186,84.9,81.1,82.4,81,1562,1562,84.1,85.3,86.2,88.1
9:37:39,1187,84.6,81,82.3,81,1562,1562,84.1,85.3,86.2,88.1
9:37:40,1188,85,80.9,82.2,81,1562,1562,84.1,85.3,86.2,88.1
9:37:41,1189,85,80.8,82.2,81,1562,1562,84.1,85.3,86.2,88.1
9:37:42,1190,84.7,80.8,82.3,81,1562,1562,84.1,85.4,86.2,88.1
9:37:43,1191,83.9,80.3,82.2,80.9,1562,1562,84.1,85.3,86.2,88.1
9:37:44,1192,83.4,80,82.2,80.9,1562,1562,84.1,85.3,86.2,88.1
9:37:45,1193,83.4,80.1,82.2,80.9,1562,1562,84.1,85.3,86.2,88.1
9:37:46,1194,83.4,79.8,82.2,80.8,1562,1562,84.1,85.3,86.2,88.1
9:37:47,1195,83.6,79.7,82.2,80.9,1562,1562,84.1,85.4,86.2,88.1
9:37:48,1196,84.1,80.4,82.1,80.8,1562,1562,84.1,85.3,86.2,88.1
9:37:49,1197,84.3,80.3,82,80.7,1562,1562,84.1,85.3,86.1,88
9:37:50,1198,84.2,79.7,82,80.8,1562,1562,84.1,85.3,86.2,88.1
9:37:51,1199,84.5,79.1,81.9,80.8,1562,1562,84.1,85.4,86.2,88.1
9:37:52,1200,84.9,79.1,81.7,80.8,1562,1562,84.1,85.3,86.2,88.1
9:37:53,1201,85.1,79.3,81.6,80.8,1562,1562,84.1,85.4,86.2,88.1
9:37:54,1202,85,79.4,81.6,80.7,1562,1562,84.1,85.3,86.2,88.1
9:37:55,1203,84.9,80.7,81.5,80.7,1562,1562,84.1,85.4,86.2,88
9:37:56,1204,84.9,81.2,81.6,80.7,1562,1562,84.1,85.3,86.2,88.1
9:37:57,1205,85,80.8,81.6,80.6,1562,1562,84.1,85.3,86.2,88.1
9:37:58,1206,85.1,80.2,81.7,80.6,1562,1562,84.1,85.3,86.2,88.1
9:37:59,1207,85.1,80.4,81.6,80.7,1562,1562,84.2,85.3,86.2,88.1
9:38:00,1208,85.1,81,81.5,80.7,1562,1562,84.1,85.3,86.2,88.1
9:38:01,1209,85,80.3,81.6,80.7,1562,1562,84.2,85.4,86.3,88.1
9:38:02,1210,84.9,79.6,81.5,80.6,1562,1562,84.1,85.3,86.2,88.1
9:38:03,1211,84.8,79.7,81.5,80.7,1562,1562,84.1,85.3,86.2,88.1
,,,ooOoo,,,,,,,,